-- MySQL dump 10.13  Distrib 8.0.34, for Linux (x86_64)
--
-- Host: localhost    Database: course-system
-- ------------------------------------------------------
-- Server version	8.0.34-0ubuntu0.22.04.1

/*!40101 SET @OLD_CHARACTER_SET_CLIENT=@@CHARACTER_SET_CLIENT */;
/*!40101 SET @OLD_CHARACTER_SET_RESULTS=@@CHARACTER_SET_RESULTS */;
/*!40101 SET @OLD_COLLATION_CONNECTION=@@COLLATION_CONNECTION */;
/*!50503 SET NAMES utf8mb4 */;
/*!40103 SET @OLD_TIME_ZONE=@@TIME_ZONE */;
/*!40103 SET TIME_ZONE='+00:00' */;
/*!40014 SET @OLD_UNIQUE_CHECKS=@@UNIQUE_CHECKS, UNIQUE_CHECKS=0 */;
/*!40014 SET @OLD_FOREIGN_KEY_CHECKS=@@FOREIGN_KEY_CHECKS, FOREIGN_KEY_CHECKS=0 */;
/*!40101 SET @OLD_SQL_MODE=@@SQL_MODE, SQL_MODE='NO_AUTO_VALUE_ON_ZERO' */;
/*!40111 SET @OLD_SQL_NOTES=@@SQL_NOTES, SQL_NOTES=0 */;

--
-- Table structure for table `colleges`
--

DROP TABLE IF EXISTS `colleges`;
/*!40101 SET @saved_cs_client     = @@character_set_client */;
/*!50503 SET character_set_client = utf8mb4 */;
CREATE TABLE `colleges` (
  `id` int NOT NULL,
  `college` varchar(255) CHARACTER SET utf8mb4 COLLATE utf8mb4_0900_ai_ci NOT NULL,
  PRIMARY KEY (`id`) USING BTREE
) ENGINE=InnoDB DEFAULT CHARSET=utf8mb4 COLLATE=utf8mb4_0900_ai_ci ROW_FORMAT=DYNAMIC;
/*!40101 SET character_set_client = @saved_cs_client */;

--
-- Dumping data for table `colleges`
--

LOCK TABLES `colleges` WRITE;
/*!40000 ALTER TABLE `colleges` DISABLE KEYS */;
INSERT INTO `colleges` VALUES (1,'文学院'),(2,'计算机科学与技术学院'),(3,'材料学院'),(4,'未来科技学院'),(5,' 机器与自动化学院'),(6,'新闻传播学院'),(7,'美术学院'),(8,'电影学院'),(9,'外国语学院'),(10,'社会学院');
/*!40000 ALTER TABLE `colleges` ENABLE KEYS */;
UNLOCK TABLES;

--
-- Table structure for table `course_plan`
--

DROP TABLE IF EXISTS `course_plan`;
/*!40101 SET @saved_cs_client     = @@character_set_client */;
/*!50503 SET character_set_client = utf8mb4 */;
CREATE TABLE `course_plan` (
  `course_name` varchar(255) CHARACTER SET utf8mb4 COLLATE utf8mb4_0900_ai_ci NOT NULL,
  `course_id` int NOT NULL,
  `college_id` int NOT NULL,
  PRIMARY KEY (`course_id`,`college_id`) USING BTREE,
  KEY `course_id` (`course_id`) USING BTREE,
  KEY `college_id` (`college_id`) USING BTREE,
  CONSTRAINT `course_plan_ibfk_1` FOREIGN KEY (`college_id`) REFERENCES `colleges` (`id`) ON DELETE RESTRICT ON UPDATE RESTRICT
) ENGINE=InnoDB DEFAULT CHARSET=utf8mb4 COLLATE=utf8mb4_0900_ai_ci ROW_FORMAT=DYNAMIC;
/*!40101 SET character_set_client = @saved_cs_client */;

--
-- Dumping data for table `course_plan`
--

LOCK TABLES `course_plan` WRITE;
/*!40000 ALTER TABLE `course_plan` DISABLE KEYS */;
INSERT INTO `course_plan` VALUES ('数据结构',1000,7),('计算机组成原理',1001,7),('操作系统',1002,5),('数字逻辑',1003,6),('世界艺术史',1004,8),('离散数学',1005,5),('微积分',1006,2),('大学物理',1007,5),('计算机网络',1008,3),('诗词',1009,2),('莎士比亚戏剧',1010,2),('素描',1011,1),('生命学导论',1012,5),('足球',1013,4),('自行车',1014,9),('排球',1015,2),('篮球',1016,3),('瑜伽',1017,10),('软件工程',1018,9),('golang',1019,9);
/*!40000 ALTER TABLE `course_plan` ENABLE KEYS */;
UNLOCK TABLES;

--
-- Table structure for table `current_courses`
--

DROP TABLE IF EXISTS `current_courses`;
/*!40101 SET @saved_cs_client     = @@character_set_client */;
/*!50503 SET character_set_client = utf8mb4 */;
CREATE TABLE `current_courses` (
  `no` int DEFAULT NULL,
  `time` varchar(255) CHARACTER SET utf8mb4 COLLATE utf8mb4_0900_ai_ci NOT NULL,
  `teacher_id` int NOT NULL,
  `course_id` int NOT NULL,
  `number` int NOT NULL,
  `capacity` int NOT NULL,
  PRIMARY KEY (`time`,`teacher_id`,`course_id`) USING BTREE,
  KEY `course_id` (`course_id`) USING BTREE,
  KEY `current_courses_ibfk_2` (`teacher_id`) USING BTREE,
  KEY `term` (`time`) USING BTREE,
  KEY `no` (`no`) USING BTREE,
  CONSTRAINT `current_courses_ibfk_1` FOREIGN KEY (`course_id`) REFERENCES `course_plan` (`course_id`) ON DELETE RESTRICT ON UPDATE RESTRICT,
  CONSTRAINT `current_courses_ibfk_2` FOREIGN KEY (`teacher_id`) REFERENCES `teachers` (`id`) ON DELETE RESTRICT ON UPDATE RESTRICT
) ENGINE=InnoDB DEFAULT CHARSET=utf8mb4 COLLATE=utf8mb4_0900_ai_ci ROW_FORMAT=DYNAMIC;
/*!40101 SET character_set_client = @saved_cs_client */;

--
-- Dumping data for table `current_courses`
--

LOCK TABLES `current_courses` WRITE;
/*!40000 ALTER TABLE `current_courses` DISABLE KEYS */;
INSERT INTO `current_courses` VALUES (31,'一1-2',100063,1009,38,50),(23,'一1-2',100066,1013,32,50),(28,'一1-2',100077,1009,47,50),(3,'一11-12',100033,1004,37,50),(18,'一11-12',100040,1017,45,50),(32,'一11-12',100048,1004,11,50),(50,'一11-12',100071,1002,24,50),(26,'一9-10',100007,1006,37,50),(46,'一9-10',100058,1006,9,50),(35,'一9-10',100070,1018,39,50),(47,'三1-2',100024,1009,16,50),(12,'三1-2',100046,1008,15,50),(8,'三1-2',100056,1005,27,50),(13,'三1-2',100068,1017,40,50),(4,'三1-2',100084,1009,16,50),(30,'三1-2',100090,1019,11,50),(37,'三3-4',100031,1004,9,50),(41,'三3-4',100097,1016,10,50),(20,'三5-6',100023,1014,24,50),(25,'三5-6',100041,1007,41,50),(48,'三5-6',100052,1008,33,50),(7,'三5-6',100074,1004,40,50),(49,'二1-2',100021,1019,0,50),(11,'二1-2',100062,1015,33,50),(15,'二1-2',100069,1007,14,50),(27,'二1-2',100074,1012,23,50),(44,'二1-2',100082,1000,21,50),(6,'二1-2',100084,1016,37,50),(21,'二11-12',100075,1007,19,50),(42,'二11-12',100080,1008,38,50),(1,'二3-4',100027,1008,31,50),(39,'二3-4',100034,1007,43,50),(24,'五5-6',100004,1014,20,50),(14,'五5-6',100076,1019,20,50),(19,'五5-6',100087,1015,42,50),(17,'五7-8',100034,1018,47,50),(29,'五7-8',100079,1019,10,50),(10,'五7-8',100087,1019,10,50),(9,'四11-12',100041,1019,19,50),(22,'四3-4',100045,1000,18,50),(16,'四3-4',100047,1009,31,50),(38,'四3-4',100053,1002,50,50),(45,'四3-4',100099,1008,3,50),(2,'四5-6',100008,1012,22,50),(36,'四5-6',100009,1018,49,50),(5,'四5-6',100014,1009,28,50),(40,'四5-6',100021,1005,42,50),(34,'四5-6',100030,1006,25,50),(33,'四7-8',100027,1015,1,50),(43,'四7-8',100077,1001,34,50);
/*!40000 ALTER TABLE `current_courses` ENABLE KEYS */;
UNLOCK TABLES;

--
-- Table structure for table `selected_courses`
--

DROP TABLE IF EXISTS `selected_courses`;
/*!40101 SET @saved_cs_client     = @@character_set_client */;
/*!50503 SET character_set_client = utf8mb4 */;
CREATE TABLE `selected_courses` (
  `student_id` int NOT NULL,
  `current_course_id` int NOT NULL,
  `pscj` double DEFAULT NULL,
  `kscj` double DEFAULT NULL,
  `score` double DEFAULT NULL,
  PRIMARY KEY (`student_id`,`current_course_id`) USING BTREE,
  KEY `student_id` (`student_id`) USING BTREE,
  KEY `current_course_id` (`current_course_id`) USING BTREE,
  CONSTRAINT `selected_courses_ibfk_4` FOREIGN KEY (`current_course_id`) REFERENCES `current_courses` (`no`) ON DELETE RESTRICT ON UPDATE RESTRICT,
  CONSTRAINT `selected_courses_ibfk_5` FOREIGN KEY (`student_id`) REFERENCES `students` (`id`) ON DELETE RESTRICT ON UPDATE RESTRICT
) ENGINE=InnoDB DEFAULT CHARSET=utf8mb4 COLLATE=utf8mb4_0900_ai_ci ROW_FORMAT=DYNAMIC;
/*!40101 SET character_set_client = @saved_cs_client */;

--
-- Dumping data for table `selected_courses`
--

LOCK TABLES `selected_courses` WRITE;
/*!40000 ALTER TABLE `selected_courses` DISABLE KEYS */;
INSERT INTO `selected_courses` VALUES (231000,6,55.7,60.7,58.7),(231001,25,78.3,72.5,74.8),(231002,30,53.6,79.9,69.4),(231003,44,83.7,72.9,77.2),(231004,15,75.7,68.3,71.3),(231005,23,86.8,69.3,76.3),(231006,20,51.2,97.9,79.2),(231007,47,69.1,58.2,62.6),(231008,13,53.8,91.7,76.5),(231009,5,66.9,63.3,64.7),(231010,30,88.6,88.9,88.8),(231011,15,75,97.8,88.7),(231012,28,90.8,100,96.3),(231013,4,70.7,65.9,67.8),(231014,37,68.5,89.9,81.3),(231015,7,93,75,82.2),(231016,10,62.3,76.9,71.1),(231017,22,71.1,95.1,85.5),(231018,46,82.5,52.2,64.3),(231019,34,55.4,71.6,65.1),(231020,17,78.2,81.8,80.4),(231021,48,61.3,89.8,78.4),(231022,13,69.9,63.1,65.8),(231023,48,51.1,64.1,58.9),(231024,49,99.4,93.4,95.8),(231025,18,63.3,80.5,73.6),(231026,39,85.6,56.4,68.1),(231027,41,99.8,97.4,98.4),(231028,24,65.2,68.8,67.4),(231029,16,78,67.7,71.8),(231030,27,67.3,67.4,67.4),(231031,13,95.9,74.5,83.1),(231032,30,79.4,82.2,81.1),(231033,23,85.5,57.4,68.6),(231034,38,73.9,61.3,66.3),(231035,34,92,68.8,78.1),(231036,1,58.6,68.1,64.3),(231037,27,73.6,81.2,78.2),(231038,9,78,70.9,73.7),(231039,22,75.5,86,81.8),(231040,7,87.2,68.9,76.2),(231041,50,56.8,68,63.5),(231042,38,70.3,65.2,67.2),(231043,40,88.3,73.4,79.4),(231044,31,67.6,56,60.6),(231045,36,70.4,57,62.4),(231046,40,64,60,61.6),(231047,44,62.2,99.7,84.7),(231048,13,80.9,75.6,77.7),(231049,10,98.3,95,96.3),(231050,37,57.5,83.2,72.9),(231051,37,60.3,66.8,64.2),(231052,17,80.9,93.4,88.4),(231053,45,93.5,70.3,79.6),(231054,25,64.5,56.4,59.6),(231055,49,84.6,69.6,75.6),(231056,38,83.3,93.2,89.2),(231057,39,98.9,63.3,77.5),(231058,13,70.4,62.4,65.6),(231059,36,51.2,84.6,71.2),(231060,26,98.2,77.4,85.7),(231061,50,89.5,59.8,71.7),(231062,15,58,84.7,74),(231063,12,83,60.8,69.7),(231064,33,92.4,88.3,89.9),(231065,32,84.6,98.1,92.7),(231066,31,55.9,89,75.8),(231067,17,53.2,82,70.5),(231068,44,65.3,65.5,65.4),(231069,34,81.1,68.6,73.6),(231070,50,76.5,71.3,73.4),(231071,18,67,50.4,57),(231072,31,63.8,96.9,83.7),(231073,33,78.8,87.6,84.1),(231074,9,62.4,96.2,82.7),(231075,14,57.2,65.5,62.2),(231076,8,82.7,85.9,84.6),(231077,44,69,58.7,62.8),(231078,28,77.6,59.6,66.8),(231079,17,50.1,75.8,65.5),(231080,1,80.2,51.9,63.2),(231081,13,88,69.3,76.8),(231082,33,78.5,83.9,81.7),(231083,18,63.3,80.9,73.9),(231084,29,78.9,75.8,77),(231085,50,67.4,73.7,71.2),(231086,38,76.4,52.8,62.2),(231087,47,63.5,91.4,80.2),(231088,30,68.6,52.4,58.9),(231089,27,88.6,86,87),(231090,23,56.4,71.9,65.7),(231091,35,51.5,54.6,53.4),(231092,7,70.7,61.1,64.9),(231093,5,63.3,82.5,74.8),(231094,31,98,61.9,76.3),(231095,19,99.7,88.2,92.8),(231096,21,55.2,69,63.5),(231097,2,96.9,55.2,71.9),(231098,49,60.6,83.5,74.3),(231099,33,98.2,82.9,89),(231100,39,55.7,54.5,55),(231101,47,50.4,76.5,66.1),(231102,16,99.8,84.5,90.6),(231103,32,93.8,63.1,75.4),(231104,14,92.9,61.3,73.9),(231105,9,69,88,80.4),(231106,33,82,66,72.4),(231107,27,71.1,68.1,69.3),(231108,5,54.2,76,67.3),(231109,33,85.3,87.3,86.5),(231110,21,52.5,75.5,66.3),(231111,32,53.2,91.9,76.4),(231112,27,87.9,87.2,87.5),(231113,10,64.6,77.6,72.4),(231114,8,95.8,79.8,86.2),(231115,7,88.6,76.5,81.3),(231116,22,98.2,91,93.9),(231117,33,80.2,87.8,84.8),(231118,44,91.7,78.8,84),(231119,24,99.6,53.7,72.1),(231120,3,92.3,59.9,72.9),(231121,15,68.5,82.5,76.9),(231122,28,57.8,93,78.9),(231123,1,57,77.6,69.4),(231124,2,79,61.9,68.7),(231125,29,95.2,59.4,73.7),(231126,3,87.8,86.1,86.8),(231127,6,55.3,65.6,61.5),(231128,32,54.6,91.8,76.9),(231129,6,50.3,96.4,78),(231130,12,73.3,74.6,74.1),(231131,45,74.6,72.5,73.3),(231132,4,71.1,99.2,88),(231133,40,69.4,56.7,61.8),(231134,25,67,98,85.6),(231135,5,70.1,85.4,79.3),(231136,22,77.9,63.8,69.4),(231137,37,53.3,83.7,71.5),(231138,36,98.4,51.8,70.4),(231139,35,83.2,80,81.3),(231140,6,51,59.8,56.3),(231141,35,63.5,52,56.6),(231142,15,68.2,87.9,80),(231143,31,67.7,51.9,58.2),(231144,14,92.5,66.4,76.8),(231145,40,85.1,55,67),(231146,40,84.5,55,66.8),(231147,8,71.6,56.4,62.5),(231148,45,97.2,60.8,75.4),(231149,23,68.9,69.2,69.1),(231150,46,51.1,95,77.4),(231151,19,59.8,93.6,80.1),(231152,18,68.4,92.8,83),(231153,27,97.3,97.4,97.4),(231154,7,76.7,64.9,69.6),(231155,8,52.9,88.8,74.4),(231156,42,98.5,95.5,96.7),(231157,30,60.5,97,82.4),(231158,26,98.8,58.1,74.4),(231159,50,82.5,63,70.8),(231160,3,92.1,88.1,89.7),(231161,14,91.4,94.5,93.3),(231162,30,62.7,97.9,83.8),(231163,36,68.5,91.4,82.2),(231164,49,94.8,65.6,77.3),(231165,10,63,91.1,79.9),(231166,26,65.8,61,62.9),(231167,28,54.9,86.4,73.8),(231168,21,69.6,78.9,75.2),(231169,43,99.6,60.4,76.1),(231170,17,86.1,51.8,65.5),(231171,16,73.6,50.6,59.8),(231172,7,67.4,53.6,59.1),(231173,27,65,79.2,73.5),(231174,40,67.9,56.2,60.9),(231175,15,88,95.8,92.7),(231176,24,65.2,80.9,74.6),(231177,32,63.7,53.9,57.8),(231178,17,97.7,79.4,86.7),(231179,28,91.1,65.4,75.7),(231180,10,87.3,94.7,91.7),(231181,43,69.1,50.8,58.1),(231182,38,80.7,58.6,67.4),(231183,8,54.4,56.9,55.9),(231184,33,88.5,76,81),(231185,28,83.4,54.5,66.1),(231186,19,71.3,85.7,79.9),(231187,41,83.4,89.7,87.2),(231188,23,69.9,57.7,62.6),(231189,11,57.9,78.8,70.4),(231190,29,71.1,69.8,70.3),(231191,39,69.9,58.2,62.9),(231192,8,84.6,63,71.6),(231193,35,70.2,54.7,60.9),(231194,47,97.2,82.7,88.5),(231195,41,84.9,83.8,84.2),(231196,20,55.6,82.1,71.5),(231197,12,98.5,55.3,72.6),(231198,39,53.4,71.7,64.4),(231199,31,59.9,94.1,80.4),(231200,22,85.4,88,87),(231201,7,99.4,71.7,82.8),(231202,11,84.9,58.9,69.3),(231203,37,65.5,69.2,67.7),(231204,43,77.1,62.5,68.3),(231205,1,66.3,91.9,81.7),(231206,14,96.7,66.2,78.4),(231207,39,61.4,52.8,56.2),(231208,37,59.9,62.3,61.3),(231209,4,51.9,63.1,58.6),(231210,18,84.5,66.4,73.6),(231211,2,61.4,62.8,62.2),(231212,50,54.3,81.9,70.9),(231213,7,72.7,64.1,67.5),(231214,30,77.6,90.2,85.2),(231215,4,54.6,93.9,78.2),(231216,23,75.6,56.1,63.9),(231217,14,51,82.6,70),(231218,40,85.1,97.7,92.7),(231219,4,95.3,55.4,71.4),(231220,8,78.6,59,66.8),(231221,32,63.6,65.6,64.8),(231222,47,56.6,52.2,54),(231223,8,71.6,73.5,72.7),(231224,5,89.2,69.1,77.1),(231225,36,90.8,76.9,82.5),(231226,1,61.9,94.1,81.2),(231227,29,89.2,62.6,73.2),(231228,38,52.5,85.2,72.1),(231229,13,74.6,93,85.6),(231230,46,68.9,84.6,78.3),(231231,17,89.9,84.4,86.6),(231232,24,53.3,81.5,70.2),(231233,24,68.7,72.6,71),(231234,14,63.3,51.6,56.3),(231235,17,79.1,97.5,90.1),(231236,13,92.4,77.5,83.5),(231237,5,74.7,70.8,72.4),(231238,24,63.5,93.9,81.7),(231239,22,56.8,69.9,64.7),(231240,41,92.9,80.3,85.3),(231241,11,52,90.8,75.3),(231242,45,78.9,63.5,69.7),(231243,4,90.3,51.8,67.2),(231244,11,79.8,50.7,62.3),(231245,20,61.6,66.6,64.6),(231246,25,62.5,81.4,73.8),(231247,24,66.4,56.5,60.5),(231248,21,90.7,97.5,94.8),(231249,40,79.7,81.8,81),(231250,20,89.3,90,89.7),(231251,50,98.3,88.9,92.7),(231252,32,65.8,64.9,65.3),(231253,22,53.5,50.8,51.9),(231254,46,55.2,68.9,63.4),(231255,38,99.3,96.9,97.9),(231256,24,78.1,97,89.4),(231257,42,83.6,90.7,87.9),(231258,9,51.3,97.7,79.1),(231259,11,56,74.4,67),(231260,21,59.7,54.8,56.8),(231261,40,95.3,64.3,76.7),(231262,34,95.7,74.4,82.9),(231263,49,60,87.5,76.5),(231264,49,68.4,91.3,82.1),(231265,9,57.7,74.7,67.9),(231266,34,76.5,57.3,65),(231267,10,51.9,61.8,57.8),(231268,32,91.4,61.7,73.6),(231269,50,90.6,64.3,74.8),(231270,20,85.5,73.8,78.5),(231271,21,77.6,83.1,80.9),(231272,36,86.4,80.4,82.8),(231273,49,91.5,63.6,74.8),(231274,26,70.1,71.7,71.1),(231275,48,79.9,85.5,83.3),(231276,25,53,74.8,66.1),(231277,3,54,93.8,77.9),(231278,1,93.7,54.1,69.9),(231279,43,64.9,93.8,82.2),(231280,30,64.2,76.4,71.5),(231281,2,65.1,65,65),(231282,39,85.5,65.8,73.7),(231283,5,82.1,71.4,75.7),(231284,22,95,70.5,80.3),(231285,41,85.1,92,89.2),(231286,29,52.2,95.7,78.3),(231287,15,97.4,75.9,84.5),(231288,45,75.1,61.5,66.9),(231289,42,54.1,60.3,57.8),(231290,49,54.3,99.2,81.2),(231291,11,83,85.3,84.4),(231292,19,89.1,91.7,90.7),(231293,20,75.3,87.2,82.4),(231294,30,86.3,89.8,88.4),(231295,1,81.9,84,83.2),(231296,38,85.7,86.8,86.4),(231297,43,71.5,62.1,65.9),(231298,13,74.3,70.9,72.3),(231299,49,68.9,93.7,83.8),(231300,7,81.6,91.7,87.7),(231301,39,69.5,97.7,86.4),(231302,1,69.5,82.8,77.5),(231303,43,74.6,50.3,60),(231304,24,61.8,50.2,54.8),(231305,30,60.3,83.7,74.3),(231306,12,97.2,99.1,98.3),(231307,47,90.8,89.9,90.3),(231308,33,71.1,87.3,80.8),(231309,34,92.9,79,84.6),(231310,50,57.7,64.4,61.7),(231311,30,69.4,68.6,68.9),(231312,4,65.3,95.2,83.2),(231313,25,87.1,52,66),(231314,30,65.2,88.2,79),(231315,10,56.8,68.9,64.1),(231316,5,58.8,74.4,68.2),(231317,7,99.1,83.1,89.5),(231318,14,95.3,95.2,95.2),(231319,46,83.6,59.4,69.1),(231320,29,53.8,61.5,58.4),(231321,32,55.3,96.8,80.2),(231322,45,75.5,81.4,79),(231323,36,55.3,86.9,74.3),(231324,37,58.1,89.4,76.9),(231325,27,69.3,81.2,76.4),(231326,22,96.7,81.3,87.5),(231327,21,94.9,86.7,90),(231328,42,80.9,85.9,83.9),(231329,39,76.8,59,66.1),(231330,45,78.6,57.4,65.9),(231331,6,50.4,87.9,72.9),(231332,20,50.7,65.5,59.6),(231333,6,85.7,81.3,83.1),(231334,7,89.4,51.9,66.9),(231335,36,91.7,55.6,70),(231336,22,96.9,55.1,71.8),(231337,13,97.1,52.9,70.6),(231338,34,92.9,61.2,73.9),(231339,23,61.8,89.5,78.4),(231340,49,97.8,97.1,97.4),(231341,40,52.6,92.5,76.5),(231342,2,74.8,53.2,61.8),(231343,40,51.8,80.2,68.8),(231344,21,98.3,79.8,87.2),(231345,20,94.1,89.6,91.4),(231346,2,71.8,59.4,64.4),(231347,6,98.2,89.1,92.7),(231348,41,62.6,79.8,72.9),(231349,10,88.9,85.4,86.8),(231350,45,71.2,51.2,59.2),(231351,46,65.9,88.8,79.6),(231352,33,86,63.8,72.7),(231353,7,59.4,59.5,59.5),(231354,18,91.8,97.7,95.3),(231355,28,76.9,83.5,80.9),(231356,43,69.2,100,87.7),(231357,23,69.2,82.1,76.9),(231358,5,59.1,84.3,74.2),(231359,15,99.6,65.4,79.1),(231360,22,80.4,98.6,91.3),(231361,33,90.6,86.2,88),(231362,12,52.9,53.8,53.4),(231363,10,59.8,78.6,71.1),(231364,42,96.7,64.7,77.5),(231365,37,82.4,66.9,73.1),(231366,27,99.9,70.1,82),(231367,44,96.5,61.5,75.5),(231368,9,76.5,78.2,77.5),(231369,11,84.6,57.2,68.2),(231370,39,96.7,73.9,83),(231371,37,57.7,98,81.9),(231372,42,92.8,98.4,96.2),(231373,30,83,74.2,77.7),(231374,13,56.5,58.9,57.9),(231375,48,55.1,98.4,81.1),(231376,45,52.1,70.8,63.3),(231377,35,56.6,91.9,77.8),(231378,27,54.9,78.3,68.9),(231379,42,82.4,60.3,69.1),(231380,5,62.6,68.3,66),(231381,12,53.6,54.1,53.9),(231382,48,95,66.7,78),(231383,12,63.3,84.7,76.1),(231384,39,64.1,62.1,62.9),(231385,35,67.4,75.9,72.5),(231386,45,97.7,58.5,74.2),(231387,16,74.5,67.9,70.5),(231388,39,82,80.4,81),(231389,42,90.9,87.4,88.8),(231390,35,82.3,64.1,71.4),(231391,35,93.5,93.4,93.4),(231392,43,71.7,83.7,78.9),(231393,42,72.6,95.7,86.5),(231394,1,87.1,81.5,83.7),(231395,17,50.1,90.6,74.4),(231396,40,88.6,64.1,73.9),(231397,5,96.5,74.6,83.4),(231398,25,69.8,90.9,82.5),(231399,9,87.1,56.1,68.5),(231400,38,64.5,73.7,70),(231401,42,95,90.8,92.5),(231402,42,67,63.9,65.1),(231403,36,83.7,96.9,91.6),(231404,8,92.8,73.7,81.3),(231405,29,54.5,72.8,65.5),(231406,22,67,99.4,86.4),(231407,44,94.1,80.1,85.7),(231408,1,69.7,88.4,80.9),(231409,13,96.3,74.5,83.2),(231410,37,72.7,82.6,78.6),(231411,39,53.5,50.3,51.6),(231412,8,76.4,94.3,87.1),(231413,35,50.4,68.3,61.1),(231414,13,55.9,52.1,53.6),(231415,37,67.7,80.4,75.3),(231416,5,61.1,66.8,64.5),(231417,4,84.8,88.3,86.9),(231418,49,65.6,81,74.8),(231419,37,78.2,95.5,88.6),(231420,49,93.4,85,88.4),(231421,5,84.8,76.1,79.6),(231422,46,91.1,53.2,68.4),(231423,32,59.6,59.8,59.7),(231424,5,95.5,50.5,68.5),(231425,16,87.6,61.1,71.7),(231426,1,86.8,83.8,85),(231427,37,70.9,99,87.8),(231428,33,80.6,51.8,63.3),(231429,38,61.7,62.8,62.4),(231430,44,93.5,91.1,92.1),(231431,33,95.9,91.5,93.3),(231432,1,95.6,92.5,93.7),(231433,41,63.5,54.2,57.9),(231434,32,85.3,89,87.5),(231435,39,70.9,65,67.4),(231436,44,62.2,75.3,70.1),(231437,32,87,96.7,92.8),(231438,38,99.5,89.7,93.6),(231439,38,90.1,76.6,82),(231440,27,53,77,67.4),(231441,35,79.9,52.9,63.7),(231442,18,85.9,95.1,91.4),(231443,29,75.3,82.3,79.5),(231444,42,96.4,60.3,74.7),(231445,2,67.9,52.9,58.9),(231446,22,54,62.4,59),(231447,24,95.8,53.6,70.5),(231448,41,85.2,74,78.5),(231449,45,55.3,63.1,60),(231450,41,78.8,78.4,78.6),(231451,36,95.9,59.3,73.9),(231452,34,62.6,65.5,64.3),(231453,40,97.1,65.9,78.4),(231454,43,79.3,83,81.5),(231455,4,62.1,74.1,69.3),(231456,25,67.8,60.9,63.7),(231457,2,96,71.3,81.2),(231458,22,91.6,51.4,67.5),(231459,6,76.4,67,70.8),(231460,44,84,60.1,69.7),(231461,16,93.5,69.9,79.3),(231462,30,70.9,76.7,74.4),(231463,22,57.2,79.5,70.6),(231464,6,66.9,55.7,60.2),(231465,24,61.9,72.6,68.3),(231466,2,85.8,53.3,66.3),(231467,24,89.6,57.4,70.3),(231468,37,96.4,63.3,76.5),(231469,49,88.8,92.2,90.8),(231470,15,71,98.1,87.3),(231471,13,74,78.7,76.8),(231472,5,61,97.8,83.1),(231473,28,86.8,77,80.9),(231474,31,76.7,53.6,62.8),(231475,27,82.7,98.3,92.1),(231476,41,67.8,95.4,84.4),(231477,43,93.1,54.2,69.8),(231478,41,85.1,51.2,64.8),(231479,35,80.2,67.4,72.5),(231480,19,89.2,71.9,78.8),(231481,18,76.2,69,71.9),(231482,1,72.6,73.6,73.2),(231483,12,85.8,100,94.3),(231484,41,95.6,99.9,98.2),(231485,49,96.7,61.5,75.6),(231486,28,72.4,59.8,64.8),(231487,44,55.4,51.7,53.2),(231488,45,53.2,73.9,65.6),(231489,33,90,56.3,69.8),(231490,13,60.2,87.9,76.8),(231491,7,75.9,66.3,70.1),(231492,40,99,83.2,89.5),(231493,16,67.6,98.1,85.9),(231494,23,91.1,88.3,89.4),(231495,16,84.4,81.3,82.5),(231496,27,82.1,73.8,77.1),(231497,40,57.3,68.6,64.1),(231498,20,58,56.1,56.9),(231499,5,72.9,50.4,59.4),(231500,16,88.6,69.4,77.1),(231501,22,90.2,69.2,77.6),(231502,39,85,91.4,88.8),(231503,34,76.1,83.3,80.4),(231504,2,75.5,66.5,70.1),(231505,38,64.2,70.6,68),(231506,42,73,91.1,83.9),(231507,23,86.7,85.3,85.9),(231508,16,52.3,70.3,63.1),(231509,14,99.3,57.8,74.4),(231510,19,72.7,71.1,71.7),(231511,39,56.2,62.1,59.7),(231512,10,66.6,87.5,79.1),(231513,27,64,75,70.6),(231514,31,71.7,51.8,59.8),(231515,38,75.5,65.2,69.3),(231516,15,62.3,51.6,55.9),(231517,16,97.5,98.2,97.9),(231518,14,81.4,66.1,72.2),(231519,42,54,99.9,81.5),(231520,35,59.7,65.7,63.3),(231521,7,96.7,69.8,80.6),(231522,1,59.2,80.9,72.2),(231523,13,54.3,73.3,65.7),(231524,2,85.8,61.9,71.5),(231525,13,68.3,97.4,85.8),(231526,34,90.4,59.2,71.7),(231527,11,73.3,50.7,59.7),(231528,25,53.6,58,56.2),(231529,22,58.8,79.2,71),(231530,31,95.1,50.7,68.5),(231531,48,89.7,57.4,70.3),(231532,4,92.8,66,76.7),(231533,27,97.2,68.7,80.1),(231534,38,55.5,97.6,80.8),(231535,18,79.8,91.4,86.8),(231536,50,54.8,67.5,62.4),(231537,15,64.6,50.4,56.1),(231538,16,65.4,72.7,69.8),(231539,16,81.8,72.8,76.4),(231540,11,85.2,50.8,64.6),(231541,22,52.3,87.2,73.2),(231542,36,98.2,98,98.1),(231543,41,92.9,81,85.8),(231544,17,91.2,66.9,76.6),(231545,11,51.4,63.3,58.5),(231546,4,53.3,67.6,61.9),(231547,22,59.3,80.9,72.3),(231548,45,69.8,93.6,84.1),(231549,39,93.5,85.9,88.9),(231550,29,64.7,68.4,66.9),(231551,36,96.6,62.7,76.3),(231552,1,91.5,83.6,86.8),(231553,36,75.1,50.5,60.3),(231554,19,92,63.6,75),(231555,47,98.2,70.4,81.5),(231556,30,88.6,61.4,72.3),(231557,49,53.5,77.2,67.7),(231558,12,95.3,53.9,70.5),(231559,33,68.4,52,58.6),(231560,28,85.6,57.3,68.6),(231561,32,92.9,53.9,69.5),(231562,5,56.5,76,68.2),(231563,9,79.2,73.8,76),(231564,37,50.9,64.7,59.2),(231565,1,51.9,57.1,55),(231566,37,50.6,67.9,61),(231567,27,55,86.6,74),(231568,9,63.1,58.7,60.5),(231569,4,56.8,58.9,58.1),(231570,13,69.9,98.9,87.3),(231571,27,65.9,92.5,81.9),(231572,38,86.2,56.1,68.1),(231573,42,80.8,62.8,70),(231574,24,88.2,60.6,71.6),(231575,35,59.3,73.4,67.8),(231576,10,66.6,62.9,64.4),(231577,26,76.3,70.3,72.7),(231578,24,65.9,53.8,58.6),(231579,35,64.7,98.9,85.2),(231580,47,85.2,61.5,71),(231581,28,69.6,87.4,80.3),(231582,21,65.7,95.2,83.4),(231583,47,76.8,54,63.1),(231584,14,84.3,59.1,69.2),(231585,3,64.2,75.7,71.1),(231586,9,54,93.4,77.6),(231587,20,76,62.4,67.8),(231588,7,61,99.7,84.2),(231589,17,81.1,79.3,80),(231590,41,99.7,66,79.5),(231591,44,76.7,83.4,80.7),(231592,44,96.5,84.7,89.4),(231593,24,83.7,91.2,88.2),(231594,16,59.3,94.7,80.5),(231595,16,67.2,61.8,64),(231596,16,83.7,94,89.9),(231597,7,83.5,91.2,88.1),(231598,2,95.4,91.7,93.2),(231599,40,99,90.2,93.7),(231600,49,96.2,61.1,75.1),(231601,38,64.6,74,70.2),(231602,25,89.6,61.2,72.6),(231603,45,62.9,98.8,84.4),(231604,24,90,99.4,95.6),(231605,46,98.6,55,72.4),(231606,46,73.4,58.6,64.5),(231607,17,85.6,63.4,72.3),(231608,44,70.4,76.3,73.9),(231609,49,86.7,58.8,70),(231610,28,61,82.8,74.1),(231611,9,72.9,51.5,60.1),(231612,38,76.9,78.3,77.7),(231613,36,58.8,83.9,73.9),(231614,5,89.2,54.4,68.3),(231615,25,72.5,68.1,69.9),(231616,18,62.2,64.9,63.8),(231617,13,78.6,91,86),(231618,1,54.9,68.6,63.1),(231619,16,59,67.5,64.1),(231620,3,54.5,91.2,76.5),(231621,45,64,68.1,66.5),(231622,8,75.7,80.3,78.5),(231623,16,52.8,99.2,80.6),(231624,32,52.1,99.6,80.6),(231625,49,60,50.1,54.1),(231626,25,63.6,85.4,76.7),(231627,16,86.9,86.5,86.7),(231628,31,67.9,68.9,68.5),(231629,50,73.4,66.5,69.3),(231630,11,51.8,79.4,68.4),(231631,4,59.4,76.6,69.7),(231632,18,62.9,78.5,72.3),(231633,29,83,92.8,88.9),(231634,46,96.6,89.2,92.2),(231635,43,82,87.3,85.2),(231636,42,89.8,56.6,69.9),(231637,33,63.5,68.4,66.4),(231638,19,97.1,55.4,72.1),(231639,45,61,82.4,73.8),(231640,36,94,61.3,74.4),(231641,47,78.7,69.4,73.1),(231642,25,53.9,92.1,76.8),(231643,19,57.2,88.2,75.8),(231644,30,96.3,79.9,86.5),(231645,46,83.8,54.6,66.3),(231646,33,60,95.6,81.4),(231647,47,79.7,61.9,69),(231648,17,60.6,52.1,55.5),(231649,28,94.6,86.4,89.7),(231650,40,64.3,62.3,63.1),(231651,31,89.4,65.9,75.3),(231652,26,70.2,66.8,68.2),(231653,21,92.3,61.5,73.8),(231654,12,78.9,81.5,80.5),(231655,43,62.7,62,62.3),(231656,27,59.5,89.2,77.3),(231657,20,72.2,63.5,67),(231658,42,65.6,60.6,62.6),(231659,8,72.5,85.5,80.3),(231660,6,63.4,58.7,60.6),(231661,26,96.1,84.8,89.3),(231662,34,54,92.8,77.3),(231663,25,91.5,59.8,72.5),(231664,26,88,83.8,85.5),(231665,1,96.1,63.4,76.5),(231666,21,78.5,77.2,77.7),(231667,3,88.4,88.8,88.6),(231668,37,83.3,55.1,66.4),(231669,14,90.5,57.3,70.6),(231670,14,67.5,65.9,66.5),(231671,6,79.3,86.2,83.4),(231672,41,67.3,72.1,70.2),(231673,36,68,64.6,66),(231674,50,73.6,57.1,63.7),(231675,41,96.2,58,73.3),(231676,11,60.4,91.3,78.9),(231677,6,90.4,76.4,82),(231678,11,79.1,70.1,73.7),(231679,31,63.2,58.7,60.5),(231680,14,92.9,51.4,68),(231681,28,69.4,60.3,63.9),(231682,42,82.3,65.3,72.1),(231683,45,54,74,66),(231684,16,96.7,55.6,72),(231685,44,72.9,50,59.2),(231686,4,85.3,54.6,66.9),(231687,21,97.6,81.7,88.1),(231688,35,94.1,60.9,74.2),(231689,11,73.2,93.8,85.6),(231690,29,71,94.1,84.9),(231691,30,55.1,70.1,64.1),(231692,37,84.7,53.3,65.9),(231693,47,54.8,90.3,76.1),(231694,45,77,68.5,71.9),(231695,47,74.6,72.7,73.5),(231696,34,64.7,55.3,59.1),(231697,11,85.2,70.7,76.5),(231698,36,95.4,84.9,89.1),(231699,42,65.7,67.7,66.9),(231700,23,52.7,96.1,78.7),(231701,50,69.2,61.9,64.8),(231702,41,76.1,71.7,73.5),(231703,49,59.2,64.6,62.4),(231704,37,93.3,74.3,81.9),(231705,16,78.7,64.4,70.1),(231706,4,94.5,78.8,85.1),(231707,10,65.4,70.9,68.7),(231708,35,62.1,93.4,80.9),(231709,48,68.9,63.5,65.7),(231710,8,55.8,97.6,80.9),(231711,12,68,94.4,83.8),(231712,47,73.1,66.5,69.1),(231713,4,60.6,54.1,56.7),(231714,11,72.4,88.9,82.3),(231715,27,99.1,76.2,85.4),(231716,31,61.4,62.9,62.3),(231717,32,91.8,74.3,81.3),(231718,17,89.9,74.5,80.7),(231719,43,90.1,55.9,69.6),(231720,6,87,78.6,82),(231721,17,67.9,72.4,70.6),(231722,46,53.5,72,64.6),(231723,30,62.6,68.9,66.4),(231724,15,56.8,75.1,67.8),(231725,22,91,81.9,85.5),(231726,28,73.8,60.9,66.1),(231727,25,83.6,99.6,93.2),(231728,19,95.1,73.3,82),(231729,36,53,100,81.2),(231730,12,97.9,58.4,74.2),(231731,13,50.7,73.5,64.4),(231732,47,53.9,81,70.2),(231733,22,97.4,61.6,75.9),(231734,19,66.4,92.6,82.1),(231735,31,56.9,65.7,62.2),(231736,50,70,66.4,67.8),(231737,43,89.2,78.4,82.7),(231738,22,68,79.8,75.1),(231739,2,54.2,96,79.3),(231740,46,87.7,55.4,68.3),(231741,36,90.1,78.7,83.3),(231742,41,69.8,86,79.5),(231743,27,57.9,93.2,79.1),(231744,6,86.7,96.1,92.3),(231745,15,58.7,85.7,74.9),(231746,1,51.8,74.6,65.5),(231747,26,87.7,53.7,67.3),(231748,49,70.7,98.9,87.6),(231749,16,64.9,78.6,73.1),(231750,33,69.2,50.1,57.7),(231751,6,91.9,88.5,89.9),(231752,27,80.3,78.8,79.4),(231753,14,83.4,54.3,65.9),(231754,33,57.8,92.4,78.6),(231755,25,72.2,67.3,69.3),(231756,6,67.5,99.6,86.8),(231757,30,85.8,70,76.3),(231758,10,50.4,72.6,63.7),(231759,33,79,69.8,73.5),(231760,17,80.3,85.8,83.6),(231761,23,66.7,85.2,77.8),(231762,13,60,78.4,71),(231763,25,81.6,61.7,69.7),(231764,14,87,60,70.8),(231765,9,88.3,78.6,82.5),(231766,33,69.4,86.1,79.4),(231767,37,85.1,67,74.2),(231768,33,82.6,91.6,88),(231769,4,84.2,76.6,79.6),(231770,29,95.2,50.1,68.1),(231771,7,75.9,61.8,67.4),(231772,37,96.6,77.2,85),(231773,19,75.7,90.9,84.8),(231774,47,77.9,58.1,66),(231775,11,91.4,79.6,84.3),(231776,18,77.5,97.2,89.3),(231777,29,54.8,83.8,72.2),(231778,30,81.8,74.5,77.4),(231779,37,85.6,81.4,83.1),(231780,15,96.9,76.3,84.5),(231781,14,74.7,61.4,66.7),(231782,5,53.4,77.8,68),(231783,47,54,87.2,73.9),(231784,9,88.5,92,90.6),(231785,47,57.6,67.2,63.4),(231786,33,72,84.1,79.3),(231787,20,87,96.3,92.6),(231788,28,63.9,50.3,55.7),(231789,50,71.5,83.8,78.9),(231790,18,96.2,82.2,87.8),(231791,40,92.9,69.1,78.6),(231792,34,69.8,95.8,85.4),(231793,20,93.6,79.9,85.4),(231794,46,83.3,58.3,68.3),(231795,10,83.9,89.6,87.3),(231796,41,62.2,96.6,82.8),(231797,34,85.7,58.6,69.4),(231798,16,74.5,54.2,62.3),(231799,25,79.4,66,71.4),(231800,28,98.6,57.4,73.9),(231801,31,80.8,54.1,64.8),(231802,43,75.6,51.3,61),(231803,2,72.7,91,83.7),(231804,22,98.9,53,71.4),(231805,46,53.5,63.9,59.7),(231806,24,67.5,69,68.4),(231807,5,78.8,51.3,62.3),(231808,20,65.9,64.8,65.2),(231809,44,76.8,83.4,80.8),(231810,8,97.7,86.6,91),(231811,44,77,55.6,64.2),(231812,27,68.3,56.2,61),(231813,3,59.3,52.6,55.3),(231814,27,99.2,66.2,79.4),(231815,28,53,93.6,77.4),(231816,17,63.6,92.6,81),(231817,17,82.7,73.7,77.3),(231818,35,88.5,53.4,67.4),(231819,24,62,78.6,72),(231820,24,76.3,90.9,85.1),(231821,50,90.5,85.6,87.6),(231822,11,60.4,64.6,62.9),(231823,19,53.3,82.1,70.6),(231824,41,62.7,50,55.1),(231825,35,81.9,88,85.6),(231826,32,63.9,51.6,56.5),(231827,32,81.6,81.1,81.3),(231828,9,84.2,90.9,88.2),(231829,28,53.6,59.4,57.1),(231830,22,72.7,80.4,77.3),(231831,15,52.4,59.6,56.7),(231832,43,71.3,84,78.9),(231833,28,62.9,50.7,55.6),(231834,32,55.9,84.2,72.9),(231835,28,58.3,86.9,75.5),(231836,47,80.9,50.7,62.8),(231837,47,89,62.1,72.9),(231838,36,72.9,97.1,87.4),(231839,46,68.3,55.3,60.5),(231840,32,62.5,74.6,69.8),(231841,7,70.7,56.9,62.4),(231842,49,65.8,53.1,58.2),(231843,46,70.1,98.7,87.3),(231844,46,94.2,66.3,77.5),(231845,7,52.2,52.3,52.3),(231846,26,72.5,53.6,61.2),(231847,7,90.9,87.2,88.7),(231848,7,78.2,61.8,68.4),(231849,11,81.5,70.6,75),(231850,28,59.8,69.7,65.7),(231851,1,56.7,78.2,69.6),(231852,27,51.7,92.5,76.2),(231853,38,82.2,71.1,75.5),(231854,4,60.5,77.3,70.6),(231855,29,93.7,60.3,73.7),(231856,32,61.6,83.6,74.8),(231857,19,99.1,77.8,86.3),(231858,14,77.2,85.5,82.2),(231859,48,80.8,54.3,64.9),(231860,10,84,84.3,84.2),(231861,22,64.1,95.1,82.7),(231862,34,62.2,61.8,62),(231863,19,76,87.6,83),(231864,15,97.9,81,87.8),(231865,13,76.9,79.2,78.3),(231866,20,52.9,84.3,71.7),(231867,21,87.4,71.6,77.9),(231868,26,61.1,83.6,74.6),(231869,23,77.4,82.8,80.6),(231870,27,57.8,60,59.1),(231871,31,85.8,68.4,75.4),(231872,1,71.2,92.6,84),(231873,24,91.2,95.8,94),(231874,11,98.4,85.3,90.5),(231875,50,88.8,99.6,95.3),(231876,48,83.8,96.6,91.5),(231877,33,53.1,77.6,67.8),(231878,12,50.8,58.4,55.4),(231879,14,97.1,55.7,72.3),(231880,46,96.7,66,78.3),(231881,30,91.3,50.9,67.1),(231882,15,76.4,63.5,68.7),(231883,50,62,59.2,60.3),(231884,3,63,98.3,84.2),(231885,18,74.1,57.4,64.1),(231886,41,90.9,66.1,76),(231887,6,65.2,91.2,80.8),(231888,24,80.8,99.2,91.8),(231889,4,93.8,98.4,96.6),(231890,21,69.6,98.8,87.1),(231891,33,70.7,69.7,70.1),(231892,31,76.5,77.7,77.2),(231893,4,60.1,82.9,73.8),(231894,17,55.7,99.5,82),(231895,17,55.2,69,63.5),(231896,39,94.3,85.8,89.2),(231897,5,89,86.5,87.5),(231898,41,99.4,72.8,83.4),(231899,49,76.1,75.3,75.6),(231900,48,50.4,88.9,73.5),(231901,36,56.6,63.4,60.7),(231902,25,92,74.6,81.6),(231903,12,84.4,62.4,71.2),(231904,2,62.4,98.6,84.1),(231905,18,67.4,94.3,83.5),(231906,5,72,67.3,69.2),(231907,31,61.1,52.7,56.1),(231908,41,57.7,99.5,82.8),(231909,7,68.1,63,65),(231910,24,94.3,95.9,95.3),(231911,9,51.1,90.4,74.7),(231912,7,64.8,81.5,74.8),(231913,19,78.2,82.7,80.9),(231914,45,64.7,69.9,67.8),(231915,10,76.1,75.7,75.9),(231916,19,66.3,86.7,78.5),(231917,18,55.6,64,60.6),(231918,40,77.3,98.9,90.3),(231919,19,57.4,73.8,67.2),(231920,15,61.5,65.5,63.9),(231921,28,73.1,50.6,59.6),(231922,45,93.6,79.5,85.1),(231923,15,78.1,92.3,86.6),(231924,35,89.3,75.9,81.3),(231925,5,90.5,90.2,90.3),(231926,21,70.7,79,75.7),(231927,25,81.8,73.7,76.9),(231928,49,73.5,63.2,67.3),(231929,6,58.2,91.5,78.2),(231930,42,90.5,56.1,69.9),(231931,41,65.9,98.3,85.3),(231932,37,56.4,88.9,75.9),(231933,15,96.4,54.6,71.3),(231934,46,77.8,66.8,71.2),(231935,25,88.1,77.3,81.6),(231936,10,93.2,64.8,76.2),(231937,43,72,57.8,63.5),(231938,25,68.4,70.5,69.7),(231939,9,56,93.1,78.3),(231940,27,84,52.9,65.3),(231941,9,81.4,94.9,89.5),(231942,1,79,85.3,82.8),(231943,16,64,83.3,75.6),(231944,31,96.7,51.7,69.7),(231945,44,70.6,50.6,58.6),(231946,37,96.4,91.4,93.4),(231947,5,76.6,53.2,62.6),(231948,19,67.3,78.2,73.8),(231949,36,88.3,59.2,70.8),(231950,48,79.5,93.1,87.7),(231951,22,92.8,88.9,90.5),(231952,46,95.2,55.3,71.3),(231953,17,65.5,99.5,85.9),(231954,8,52.3,73.8,65.2),(231955,47,92.9,50.9,67.7),(231956,42,52.1,72,64),(231957,39,62.4,60.5,61.3),(231958,24,95.5,50.6,68.6),(231959,38,81.3,79.4,80.2),(231960,27,82.4,91.6,87.9),(231961,15,93.3,80,85.3),(231962,42,85.7,88.1,87.1),(231963,25,63.6,89.1,78.9),(231964,14,83.4,73.8,77.6),(231965,17,80.5,64.4,70.8),(231966,11,75.5,71.9,73.3),(231967,2,90.6,96.3,94),(231968,28,84.1,87.3,86),(231969,27,90.9,69.3,77.9),(231970,28,68,53.4,59.2),(231971,39,66.8,74,71.1),(231972,41,53.9,92.7,77.2),(231973,18,56.1,83.5,72.5),(231974,5,66,86.8,78.5),(231975,20,59.1,81.4,72.5),(231976,29,95,52.5,69.5),(231977,10,97.4,53.1,70.8),(231978,3,81.3,69.6,74.3),(231979,35,55,80.6,70.4),(231980,18,77.4,51.1,61.6),(231981,23,76,75.5,75.7),(231982,25,56.2,60.6,58.8),(231983,30,74.2,98.2,88.6),(231984,29,96.3,50.6,68.9),(231985,15,84.5,86.1,85.5),(231986,30,55.1,80.8,70.5),(231987,9,84.4,74.6,78.5),(231988,1,91.1,78,83.2),(231989,20,75.2,91.7,85.1),(231990,28,86.4,59.2,70.1),(231991,7,72.4,89,82.4),(231992,39,74,64.6,68.4),(231993,32,71.9,96.3,86.5),(231994,48,95.6,70.8,80.7),(231995,10,64.6,54.1,58.3),(231996,5,72.8,84.8,80),(231997,39,66.5,62.7,64.2),(231998,8,72.6,60.4,65.3),(231999,38,67.2,79.6,74.6);
/*!40000 ALTER TABLE `selected_courses` ENABLE KEYS */;
UNLOCK TABLES;

--
-- Table structure for table `students`
--

DROP TABLE IF EXISTS `students`;
/*!40101 SET @saved_cs_client     = @@character_set_client */;
/*!50503 SET character_set_client = utf8mb4 */;
CREATE TABLE `students` (
  `id` int NOT NULL,
  `name` varchar(255) CHARACTER SET utf8mb4 COLLATE utf8mb4_0900_ai_ci NOT NULL,
  `yxh` int NOT NULL,
  PRIMARY KEY (`id`) USING BTREE,
  KEY `yxh` (`yxh`) USING BTREE,
  CONSTRAINT `students_ibfk_1` FOREIGN KEY (`yxh`) REFERENCES `colleges` (`id`) ON DELETE RESTRICT ON UPDATE RESTRICT
) ENGINE=InnoDB DEFAULT CHARSET=utf8mb4 COLLATE=utf8mb4_0900_ai_ci ROW_FORMAT=DYNAMIC;
/*!40101 SET character_set_client = @saved_cs_client */;

--
-- Dumping data for table `students`
--

LOCK TABLES `students` WRITE;
/*!40000 ALTER TABLE `students` DISABLE KEYS */;
INSERT INTO `students` VALUES (231000,'谢晓明',7),(231001,'程晓明',1),(231002,'姜岚',2),(231003,'张嘉伦',2),(231004,'贾震南',7),(231005,'沈子韬',3),(231006,'姜晓明',10),(231007,'曾云熙',8),(231008,'蒋岚',7),(231009,'陈詩涵',1),(231010,'汪岚',1),(231011,'卢秀英',6),(231012,'常宇宁',7),(231013,'史致远',9),(231014,'秦璐',5),(231015,'贾杰宏',6),(231016,'董秀英',4),(231017,'郭震南',5),(231018,'贺秀英',6),(231019,'谭璐',8),(231020,'尹致远',8),(231021,'雷致远',10),(231022,'王岚',7),(231023,'叶嘉伦',6),(231024,'金杰宏',10),(231025,'徐子异',3),(231026,'崔嘉伦',7),(231027,'谢子异',6),(231028,'陆安琪',10),(231029,'郑子韬',2),(231030,'叶云熙',8),(231031,'向震南',1),(231032,'秦宇宁',1),(231033,'魏睿',10),(231034,'高晓明',3),(231035,'周致远',4),(231036,'蔡宇宁',6),(231037,'秦震南',9),(231038,'萧子异',8),(231039,'王嘉伦',1),(231040,'贾晓明',9),(231041,'陆嘉伦',4),(231042,'顾秀英',1),(231043,'龙安琪',10),(231044,'余睿',9),(231045,'杜杰宏',6),(231046,'钱震南',10),(231047,'曹詩涵',4),(231048,'高子韬',7),(231049,'贺震南',4),(231050,'孙云熙',1),(231051,'唐岚',6),(231052,'孔致远',10),(231053,'邹云熙',7),(231054,'董宇宁',7),(231055,'江嘉伦',8),(231056,'段岚',1),(231057,'丁云熙',7),(231058,'梁子韬',4),(231059,'黎秀英',8),(231060,'吴秀英',7),(231061,'程嘉伦',10),(231062,'陶璐',9),(231063,'傅杰宏',1),(231064,'杜震南',2),(231065,'萧致远',5),(231066,'宋子韬',8),(231067,'顾子韬',7),(231068,'徐子异',6),(231069,'雷震南',10),(231070,'魏子韬',6),(231071,'丁宇宁',10),(231072,'邱宇宁',1),(231073,'王安琪',6),(231074,'高嘉伦',4),(231075,'谭云熙',8),(231076,'蔡宇宁',9),(231077,'龚子异',9),(231078,'张詩涵',7),(231079,'蔡睿',5),(231080,'彭安琪',5),(231081,'邹詩涵',1),(231082,'范致远',4),(231083,'孟宇宁',1),(231084,'张璐',4),(231085,'郝詩涵',6),(231086,'韩晓明',3),(231087,'武岚',10),(231088,'崔云熙',7),(231089,'龚岚',3),(231090,'马子异',5),(231091,'刘睿',1),(231092,'夏子异',1),(231093,'张致远',8),(231094,'向宇宁',7),(231095,'姜岚',1),(231096,'秦子异',9),(231097,'邹震南',5),(231098,'钱杰宏',8),(231099,'薛致远',6),(231100,'萧晓明',1),(231101,'汤震南',10),(231102,'侯睿',10),(231103,'陶致远',6),(231104,'胡震南',7),(231105,'莫嘉伦',8),(231106,'段宇宁',9),(231107,'段嘉伦',9),(231108,'傅秀英',9),(231109,'梁詩涵',6),(231110,'姚睿',7),(231111,'汪致远',5),(231112,'严子异',5),(231113,'孔嘉伦',6),(231114,'于云熙',6),(231115,'冯杰宏',3),(231116,'龙杰宏',8),(231117,'莫嘉伦',7),(231118,'龙秀英',9),(231119,'邵震南',9),(231120,'潘安琪',5),(231121,'赵詩涵',10),(231122,'廖宇宁',10),(231123,'蒋宇宁',9),(231124,'龙岚',6),(231125,'邓睿',4),(231126,'毛子异',5),(231127,'彭晓明',8),(231128,'王杰宏',2),(231129,'苏嘉伦',3),(231130,'李杰宏',9),(231131,'姚晓明',5),(231132,'邱安琪',5),(231133,'袁睿',3),(231134,'戴秀英',4),(231135,'罗睿',10),(231136,'廖子韬',3),(231137,'邹秀英',8),(231138,'熊致远',6),(231139,'龚云熙',1),(231140,'常震南',7),(231141,'苏致远',4),(231142,'傅子韬',2),(231143,'林秀英',1),(231144,'卢秀英',8),(231145,'罗岚',1),(231146,'顾詩涵',6),(231147,'郑璐',3),(231148,'任震南',1),(231149,'武子异',2),(231150,'钱宇宁',7),(231151,'王杰宏',9),(231152,'邱安琪',1),(231153,'王安琪',10),(231154,'任睿',10),(231155,'汪詩涵',10),(231156,'魏秀英',6),(231157,'陶宇宁',4),(231158,'潘秀英',9),(231159,'贾晓明',2),(231160,'雷云熙',9),(231161,'江晓明',7),(231162,'曾詩涵',2),(231163,'魏宇宁',6),(231164,'罗宇宁',3),(231165,'夏璐',8),(231166,'薛震南',4),(231167,'曹云熙',1),(231168,'廖詩涵',1),(231169,'唐秀英',9),(231170,'姚秀英',2),(231171,'郭睿',5),(231172,'卢宇宁',5),(231173,'唐詩涵',2),(231174,'严宇宁',9),(231175,'石震南',5),(231176,'顾云熙',4),(231177,'雷杰宏',7),(231178,'李嘉伦',8),(231179,'何睿',3),(231180,'孙子韬',7),(231181,'刘詩涵',1),(231182,'梁杰宏',9),(231183,'杜安琪',2),(231184,'沈晓明',7),(231185,'贾璐',5),(231186,'顾杰宏',2),(231187,'彭詩涵',10),(231188,'刘岚',5),(231189,'胡子韬',7),(231190,'宋秀英',4),(231191,'吴宇宁',3),(231192,'薛致远',9),(231193,'蒋杰宏',2),(231194,'严安琪',4),(231195,'常岚',7),(231196,'叶晓明',1),(231197,'程晓明',6),(231198,'秦詩涵',8),(231199,'莫嘉伦',9),(231200,'邹震南',4),(231201,'尹云熙',2),(231202,'江子异',1),(231203,'陶子异',5),(231204,'龙震南',2),(231205,'高致远',8),(231206,'薛子韬',10),(231207,'常晓明',8),(231208,'汪子韬',3),(231209,'夏子异',10),(231210,'邓安琪',2),(231211,'郭子韬',9),(231212,'王子异',1),(231213,'汪子异',9),(231214,'魏宇宁',3),(231215,'孙致远',3),(231216,'程嘉伦',9),(231217,'黄璐',3),(231218,'吕岚',5),(231219,'薛詩涵',8),(231220,'龚安琪',3),(231221,'陆詩涵',8),(231222,'梁杰宏',1),(231223,'潘震南',3),(231224,'杨嘉伦',1),(231225,'陆晓明',6),(231226,'苏秀英',1),(231227,'潘安琪',6),(231228,'蔡杰宏',4),(231229,'韦璐',2),(231230,'贾致远',9),(231231,'戴睿',8),(231232,'宋嘉伦',10),(231233,'刘詩涵',2),(231234,'戴子异',4),(231235,'张岚',4),(231236,'毛安琪',2),(231237,'熊睿',8),(231238,'范詩涵',3),(231239,'顾子异',5),(231240,'史璐',8),(231241,'蔡嘉伦',6),(231242,'余詩涵',6),(231243,'毛璐',10),(231244,'曹致远',9),(231245,'周致远',2),(231246,'孟璐',1),(231247,'朱嘉伦',9),(231248,'秦晓明',4),(231249,'程震南',5),(231250,'郝子异',6),(231251,'彭睿',4),(231252,'赵宇宁',3),(231253,'彭璐',2),(231254,'夏宇宁',4),(231255,'叶子异',4),(231256,'邱秀英',5),(231257,'龙宇宁',3),(231258,'钟震南',6),(231259,'夏睿',4),(231260,'徐睿',9),(231261,'毛子韬',4),(231262,'冯嘉伦',4),(231263,'史子异',7),(231264,'姚璐',7),(231265,'邱致远',6),(231266,'蒋致远',8),(231267,'廖岚',3),(231268,'唐岚',1),(231269,'向子异',4),(231270,'孙安琪',3),(231271,'段子韬',5),(231272,'崔致远',4),(231273,'邹詩涵',2),(231274,'金安琪',5),(231275,'范晓明',3),(231276,'程震南',6),(231277,'郭致远',7),(231278,'黎睿',9),(231279,'毛致远',4),(231280,'罗秀英',3),(231281,'王云熙',1),(231282,'梁云熙',9),(231283,'高子异',7),(231284,'曾杰宏',5),(231285,'萧云熙',10),(231286,'彭宇宁',5),(231287,'傅晓明',9),(231288,'郭秀英',1),(231289,'韩嘉伦',2),(231290,'姜睿',2),(231291,'冯璐',3),(231292,'马嘉伦',10),(231293,'叶子韬',10),(231294,'曹杰宏',7),(231295,'阎震南',4),(231296,'秦秀英',3),(231297,'郝詩涵',6),(231298,'龚子异',10),(231299,'罗璐',10),(231300,'陆岚',4),(231301,'郑璐',3),(231302,'彭晓明',6),(231303,'罗安琪',4),(231304,'段岚',9),(231305,'郑晓明',5),(231306,'卢子韬',7),(231307,'魏子韬',1),(231308,'莫璐',4),(231309,'龙睿',3),(231310,'吴岚',5),(231311,'钱睿',9),(231312,'赵子韬',8),(231313,'夏致远',6),(231314,'赵睿',1),(231315,'潘睿',3),(231316,'孟璐',3),(231317,'汪岚',1),(231318,'蒋睿',6),(231319,'陶岚',1),(231320,'贾云熙',5),(231321,'谢子异',10),(231322,'侯睿',10),(231323,'苏安琪',1),(231324,'孔詩涵',1),(231325,'傅詩涵',5),(231326,'邓安琪',1),(231327,'姚云熙',7),(231328,'罗安琪',4),(231329,'魏宇宁',3),(231330,'廖宇宁',3),(231331,'秦子韬',2),(231332,'蔡嘉伦',6),(231333,'阎岚',8),(231334,'贺秀英',5),(231335,'谢宇宁',1),(231336,'常嘉伦',6),(231337,'薛秀英',2),(231338,'余安琪',6),(231339,'郑秀英',10),(231340,'范秀英',8),(231341,'丁子异',1),(231342,'夏詩涵',2),(231343,'黎杰宏',3),(231344,'秦岚',9),(231345,'尹嘉伦',6),(231346,'萧晓明',5),(231347,'姜詩涵',7),(231348,'夏子韬',4),(231349,'田安琪',5),(231350,'谭云熙',1),(231351,'崔子韬',10),(231352,'秦震南',6),(231353,'沈岚',8),(231354,'傅璐',8),(231355,'汪杰宏',8),(231356,'邓杰宏',1),(231357,'刘岚',4),(231358,'冯宇宁',8),(231359,'田岚',4),(231360,'熊秀英',3),(231361,'罗安琪',4),(231362,'黄晓明',8),(231363,'罗秀英',2),(231364,'蔡震南',6),(231365,'傅安琪',1),(231366,'汪晓明',10),(231367,'魏安琪',3),(231368,'熊嘉伦',7),(231369,'韩秀英',1),(231370,'向杰宏',1),(231371,'郝詩涵',8),(231372,'邵杰宏',10),(231373,'熊宇宁',6),(231374,'戴嘉伦',1),(231375,'王云熙',8),(231376,'杜晓明',7),(231377,'方子韬',7),(231378,'丁杰宏',2),(231379,'阎杰宏',7),(231380,'韦震南',10),(231381,'秦秀英',2),(231382,'李致远',7),(231383,'阎晓明',6),(231384,'孙嘉伦',7),(231385,'曹震南',1),(231386,'赵嘉伦',1),(231387,'许岚',10),(231388,'罗子异',10),(231389,'郭安琪',2),(231390,'阎詩涵',6),(231391,'莫子异',4),(231392,'江睿',3),(231393,'姜震南',7),(231394,'邱云熙',3),(231395,'阎子韬',4),(231396,'石子异',8),(231397,'刘云熙',4),(231398,'丁岚',9),(231399,'田子韬',5),(231400,'罗杰宏',2),(231401,'金宇宁',4),(231402,'周嘉伦',10),(231403,'姜璐',8),(231404,'陶震南',1),(231405,'侯震南',7),(231406,'龙宇宁',2),(231407,'程震南',8),(231408,'胡璐',9),(231409,'卢杰宏',10),(231410,'高震南',5),(231411,'郝秀英',7),(231412,'陶子韬',4),(231413,'贺致远',7),(231414,'孙嘉伦',3),(231415,'何岚',10),(231416,'黎秀英',6),(231417,'姚秀英',3),(231418,'沈云熙',9),(231419,'高致远',7),(231420,'史詩涵',3),(231421,'雷子异',7),(231422,'贾秀英',10),(231423,'黄宇宁',2),(231424,'董晓明',1),(231425,'韦秀英',5),(231426,'叶致远',1),(231427,'钱宇宁',7),(231428,'邓璐',9),(231429,'廖云熙',4),(231430,'曾晓明',1),(231431,'邓云熙',2),(231432,'何秀英',4),(231433,'周璐',8),(231434,'许安琪',5),(231435,'王致远',2),(231436,'向秀英',1),(231437,'贺晓明',2),(231438,'莫云熙',2),(231439,'董秀英',2),(231440,'戴安琪',7),(231441,'朱晓明',7),(231442,'莫云熙',6),(231443,'吕云熙',2),(231444,'方安琪',8),(231445,'秦杰宏',10),(231446,'严岚',9),(231447,'傅詩涵',1),(231448,'尹秀英',9),(231449,'顾嘉伦',6),(231450,'毛致远',10),(231451,'方詩涵',5),(231452,'严岚',9),(231453,'宋子异',10),(231454,'赵岚',5),(231455,'邵云熙',1),(231456,'范宇宁',7),(231457,'韩震南',7),(231458,'夏秀英',5),(231459,'董璐',7),(231460,'孙致远',10),(231461,'韦睿',10),(231462,'顾璐',8),(231463,'谭震南',10),(231464,'毛璐',10),(231465,'顾璐',3),(231466,'戴宇宁',3),(231467,'梁云熙',3),(231468,'郑致远',8),(231469,'江璐',7),(231470,'陶秀英',10),(231471,'傅子韬',3),(231472,'唐睿',6),(231473,'钟秀英',1),(231474,'郭宇宁',4),(231475,'叶杰宏',1),(231476,'高岚',7),(231477,'吕子异',3),(231478,'韩嘉伦',8),(231479,'贾宇宁',6),(231480,'黄璐',5),(231481,'钟岚',10),(231482,'任岚',5),(231483,'韩子韬',1),(231484,'江杰宏',3),(231485,'江杰宏',1),(231486,'廖嘉伦',2),(231487,'方嘉伦',1),(231488,'唐詩涵',8),(231489,'戴岚',7),(231490,'史嘉伦',9),(231491,'秦岚',1),(231492,'杜睿',3),(231493,'彭安琪',8),(231494,'雷致远',3),(231495,'邹岚',6),(231496,'朱秀英',10),(231497,'汪睿',8),(231498,'高晓明',10),(231499,'任安琪',9),(231500,'赵震南',3),(231501,'赵晓明',4),(231502,'秦震南',2),(231503,'贺嘉伦',2),(231504,'苏璐',8),(231505,'黄宇宁',7),(231506,'彭安琪',3),(231507,'曹安琪',8),(231508,'阎宇宁',1),(231509,'罗秀英',5),(231510,'田震南',4),(231511,'黎詩涵',5),(231512,'孙秀英',2),(231513,'蒋致远',9),(231514,'于秀英',1),(231515,'梁震南',5),(231516,'谭嘉伦',9),(231517,'胡震南',10),(231518,'莫震南',9),(231519,'秦璐',4),(231520,'莫致远',9),(231521,'雷杰宏',4),(231522,'刘晓明',1),(231523,'石致远',7),(231524,'汪詩涵',4),(231525,'廖岚',6),(231526,'薛安琪',3),(231527,'魏嘉伦',2),(231528,'胡震南',10),(231529,'姜璐',3),(231530,'谢嘉伦',9),(231531,'许云熙',6),(231532,'陶子韬',3),(231533,'陶致远',4),(231534,'田宇宁',9),(231535,'孟杰宏',6),(231536,'沈杰宏',5),(231537,'蔡子韬',5),(231538,'朱子韬',3),(231539,'曾杰宏',10),(231540,'潘子异',7),(231541,'严杰宏',1),(231542,'武安琪',10),(231543,'蔡岚',3),(231544,'姚震南',10),(231545,'陆璐',10),(231546,'阎子韬',2),(231547,'黄杰宏',4),(231548,'袁嘉伦',5),(231549,'钟睿',4),(231550,'龙致远',2),(231551,'江晓明',7),(231552,'马宇宁',6),(231553,'于晓明',9),(231554,'许詩涵',4),(231555,'谢云熙',10),(231556,'江璐',4),(231557,'徐晓明',1),(231558,'顾睿',9),(231559,'汤岚',8),(231560,'龙震南',2),(231561,'邵子异',6),(231562,'袁子韬',2),(231563,'苏子韬',4),(231564,'江云熙',3),(231565,'孔杰宏',2),(231566,'林致远',9),(231567,'莫岚',6),(231568,'段震南',1),(231569,'龚秀英',3),(231570,'李宇宁',5),(231571,'程岚',7),(231572,'姜璐',3),(231573,'谭秀英',9),(231574,'余子韬',7),(231575,'孔睿',8),(231576,'黎震南',8),(231577,'黎詩涵',8),(231578,'谢岚',2),(231579,'田云熙',9),(231580,'江岚',6),(231581,'卢嘉伦',4),(231582,'常晓明',5),(231583,'邹嘉伦',3),(231584,'杨詩涵',8),(231585,'何晓明',9),(231586,'王子韬',5),(231587,'徐嘉伦',1),(231588,'林云熙',7),(231589,'叶杰宏',5),(231590,'严杰宏',3),(231591,'于杰宏',9),(231592,'张睿',5),(231593,'李睿',3),(231594,'李震南',5),(231595,'任安琪',7),(231596,'朱晓明',6),(231597,'陈詩涵',10),(231598,'魏秀英',6),(231599,'严致远',9),(231600,'尹晓明',3),(231601,'孙子异',7),(231602,'董詩涵',10),(231603,'宋晓明',2),(231604,'孟云熙',7),(231605,'姚岚',10),(231606,'姜宇宁',6),(231607,'向秀英',5),(231608,'李詩涵',4),(231609,'杨安琪',2),(231610,'刘嘉伦',4),(231611,'范嘉伦',9),(231612,'吴杰宏',9),(231613,'于子异',8),(231614,'王璐',2),(231615,'曹子韬',7),(231616,'林睿',3),(231617,'薛子异',6),(231618,'夏子异',7),(231619,'廖致远',7),(231620,'向杰宏',1),(231621,'雷璐',3),(231622,'田詩涵',10),(231623,'袁致远',6),(231624,'龙秀英',9),(231625,'谢杰宏',2),(231626,'毛子异',9),(231627,'赵詩涵',2),(231628,'邵震南',2),(231629,'夏云熙',6),(231630,'常詩涵',2),(231631,'史晓明',7),(231632,'卢晓明',10),(231633,'曹子异',9),(231634,'潘嘉伦',7),(231635,'杜宇宁',7),(231636,'沈子异',6),(231637,'杨致远',6),(231638,'梁詩涵',7),(231639,'何云熙',10),(231640,'夏晓明',4),(231641,'雷睿',8),(231642,'夏晓明',2),(231643,'向安琪',1),(231644,'邵詩涵',9),(231645,'杜璐',1),(231646,'谭詩涵',1),(231647,'曹致远',1),(231648,'朱震南',2),(231649,'韩岚',3),(231650,'夏安琪',1),(231651,'何璐',2),(231652,'谢岚',4),(231653,'田睿',1),(231654,'余璐',6),(231655,'董岚',7),(231656,'林致远',4),(231657,'江子韬',1),(231658,'苏岚',2),(231659,'李安琪',9),(231660,'谭震南',1),(231661,'武晓明',8),(231662,'严宇宁',5),(231663,'孟杰宏',1),(231664,'贾詩涵',4),(231665,'陆子异',4),(231666,'陶震南',1),(231667,'陶璐',6),(231668,'黄致远',5),(231669,'韩杰宏',10),(231670,'魏詩涵',8),(231671,'程震南',5),(231672,'姜嘉伦',7),(231673,'毛秀英',3),(231674,'卢震南',3),(231675,'龚宇宁',4),(231676,'叶嘉伦',6),(231677,'孔嘉伦',10),(231678,'赵云熙',5),(231679,'薛震南',1),(231680,'郭杰宏',4),(231681,'范嘉伦',8),(231682,'范子韬',1),(231683,'张子异',6),(231684,'黎子韬',8),(231685,'杨震南',9),(231686,'常嘉伦',10),(231687,'袁秀英',9),(231688,'程致远',1),(231689,'许晓明',4),(231690,'汪致远',3),(231691,'邓晓明',8),(231692,'侯宇宁',4),(231693,'薛安琪',4),(231694,'姜云熙',7),(231695,'郭璐',5),(231696,'常子韬',3),(231697,'邹睿',7),(231698,'汤璐',2),(231699,'杜睿',1),(231700,'林云熙',2),(231701,'罗岚',5),(231702,'严子韬',10),(231703,'傅岚',7),(231704,'熊晓明',10),(231705,'赵嘉伦',4),(231706,'严子韬',7),(231707,'廖安琪',10),(231708,'萧杰宏',9),(231709,'武詩涵',10),(231710,'马杰宏',2),(231711,'邵秀英',6),(231712,'姚子异',10),(231713,'汤云熙',1),(231714,'赵嘉伦',7),(231715,'刘岚',6),(231716,'韦云熙',2),(231717,'余晓明',9),(231718,'吕致远',1),(231719,'彭璐',8),(231720,'侯云熙',10),(231721,'曾晓明',8),(231722,'钟杰宏',8),(231723,'孔璐',4),(231724,'徐子异',5),(231725,'赵云熙',6),(231726,'尹晓明',3),(231727,'孔子异',5),(231728,'陆岚',2),(231729,'钟致远',4),(231730,'谢宇宁',4),(231731,'戴致远',7),(231732,'吕云熙',1),(231733,'高秀英',10),(231734,'冯宇宁',5),(231735,'陶璐',7),(231736,'方秀英',9),(231737,'钟子异',7),(231738,'任子异',2),(231739,'史宇宁',3),(231740,'罗宇宁',5),(231741,'汤安琪',8),(231742,'吕震南',3),(231743,'贾宇宁',4),(231744,'徐子韬',3),(231745,'傅震南',6),(231746,'罗睿',5),(231747,'田嘉伦',2),(231748,'段子异',3),(231749,'于子异',7),(231750,'孔云熙',10),(231751,'杨致远',6),(231752,'梁子异',1),(231753,'叶詩涵',4),(231754,'黎睿',10),(231755,'方安琪',9),(231756,'苏震南',10),(231757,'孔睿',10),(231758,'夏震南',9),(231759,'马震南',1),(231760,'于岚',3),(231761,'孙子韬',2),(231762,'谢致远',3),(231763,'萧云熙',8),(231764,'崔致远',4),(231765,'丁子韬',9),(231766,'吴子韬',1),(231767,'陶秀英',2),(231768,'程睿',3),(231769,'段璐',9),(231770,'孔子异',3),(231771,'周嘉伦',7),(231772,'陶嘉伦',4),(231773,'夏晓明',4),(231774,'吕岚',9),(231775,'苏詩涵',10),(231776,'唐睿',1),(231777,'杜杰宏',4),(231778,'于致远',5),(231779,'贺秀英',1),(231780,'梁杰宏',1),(231781,'林睿',3),(231782,'刘致远',4),(231783,'杜子异',7),(231784,'蔡云熙',3),(231785,'田云熙',9),(231786,'顾致远',7),(231787,'张杰宏',5),(231788,'侯致远',10),(231789,'任睿',10),(231790,'郑宇宁',8),(231791,'邱子异',4),(231792,'龙子韬',6),(231793,'郑云熙',10),(231794,'杜岚',9),(231795,'雷子韬',6),(231796,'郑晓明',10),(231797,'龙子韬',1),(231798,'谢詩涵',7),(231799,'赵杰宏',3),(231800,'赵震南',2),(231801,'杨岚',1),(231802,'韩睿',8),(231803,'陈晓明',8),(231804,'陆璐',8),(231805,'熊子异',9),(231806,'向睿',10),(231807,'常云熙',8),(231808,'曾致远',2),(231809,'孟詩涵',9),(231810,'薛子异',5),(231811,'汤宇宁',2),(231812,'陆云熙',5),(231813,'石晓明',4),(231814,'毛嘉伦',7),(231815,'罗宇宁',3),(231816,'孔云熙',1),(231817,'曾致远',1),(231818,'杨嘉伦',5),(231819,'莫嘉伦',8),(231820,'徐震南',9),(231821,'孙晓明',10),(231822,'莫岚',6),(231823,'龙云熙',4),(231824,'苏秀英',3),(231825,'苏宇宁',5),(231826,'罗岚',7),(231827,'赵睿',8),(231828,'钱嘉伦',5),(231829,'彭致远',3),(231830,'龙璐',4),(231831,'曾秀英',9),(231832,'郝宇宁',5),(231833,'韩晓明',8),(231834,'薛子异',7),(231835,'邓云熙',2),(231836,'曹岚',3),(231837,'罗璐',2),(231838,'贺嘉伦',2),(231839,'邵致远',6),(231840,'江晓明',7),(231841,'钟秀英',3),(231842,'侯秀英',10),(231843,'侯子异',6),(231844,'于詩涵',2),(231845,'林詩涵',6),(231846,'秦岚',3),(231847,'程安琪',5),(231848,'韩云熙',5),(231849,'曾晓明',3),(231850,'张子韬',3),(231851,'刘秀英',1),(231852,'史詩涵',4),(231853,'黎子异',3),(231854,'武嘉伦',1),(231855,'夏杰宏',4),(231856,'程晓明',8),(231857,'何晓明',10),(231858,'孔安琪',5),(231859,'宋致远',1),(231860,'孟杰宏',6),(231861,'邓宇宁',10),(231862,'吕璐',9),(231863,'郭云熙',5),(231864,'金安琪',6),(231865,'贺宇宁',1),(231866,'顾子异',10),(231867,'薛璐',3),(231868,'蒋嘉伦',7),(231869,'宋震南',7),(231870,'廖璐',2),(231871,'许詩涵',2),(231872,'熊晓明',2),(231873,'杨嘉伦',6),(231874,'许子韬',3),(231875,'蒋晓明',7),(231876,'蒋秀英',1),(231877,'蔡云熙',1),(231878,'金詩涵',2),(231879,'秦宇宁',4),(231880,'郝致远',6),(231881,'杨子韬',7),(231882,'邱震南',10),(231883,'曾云熙',1),(231884,'黄子韬',10),(231885,'陈嘉伦',4),(231886,'蒋杰宏',4),(231887,'常岚',2),(231888,'孙秀英',5),(231889,'陈安琪',4),(231890,'顾璐',9),(231891,'石安琪',7),(231892,'叶秀英',9),(231893,'郑宇宁',4),(231894,'孔致远',8),(231895,'严杰宏',5),(231896,'田震南',4),(231897,'李詩涵',2),(231898,'萧震南',4),(231899,'魏嘉伦',9),(231900,'江睿',1),(231901,'蒋睿',6),(231902,'严子异',6),(231903,'冯致远',5),(231904,'尹宇宁',2),(231905,'任晓明',6),(231906,'贾安琪',9),(231907,'尹宇宁',3),(231908,'姚睿',3),(231909,'钱璐',5),(231910,'顾秀英',6),(231911,'钱璐',2),(231912,'钟晓明',7),(231913,'沈睿',8),(231914,'雷子韬',3),(231915,'胡秀英',10),(231916,'卢子韬',6),(231917,'冯致远',5),(231918,'秦安琪',6),(231919,'吴睿',9),(231920,'戴安琪',5),(231921,'毛子韬',4),(231922,'黄睿',6),(231923,'段云熙',8),(231924,'谢嘉伦',5),(231925,'金秀英',10),(231926,'方晓明',7),(231927,'吴晓明',7),(231928,'丁璐',8),(231929,'严睿',6),(231930,'陶岚',1),(231931,'方杰宏',5),(231932,'唐秀英',2),(231933,'廖嘉伦',8),(231934,'沈子韬',1),(231935,'郭晓明',5),(231936,'武詩涵',7),(231937,'余子异',7),(231938,'胡睿',7),(231939,'许詩涵',3),(231940,'戴秀英',6),(231941,'赵璐',2),(231942,'钟宇宁',9),(231943,'吕震南',8),(231944,'郝詩涵',4),(231945,'江杰宏',6),(231946,'段晓明',2),(231947,'胡子异',5),(231948,'郭秀英',1),(231949,'田晓明',9),(231950,'程晓明',10),(231951,'罗安琪',10),(231952,'袁杰宏',4),(231953,'韩睿',7),(231954,'冯安琪',5),(231955,'龚璐',5),(231956,'汤震南',4),(231957,'梁安琪',1),(231958,'夏睿',10),(231959,'钟震南',1),(231960,'余云熙',2),(231961,'刘宇宁',10),(231962,'金子韬',1),(231963,'范睿',9),(231964,'毛睿',8),(231965,'周子异',2),(231966,'熊睿',4),(231967,'傅安琪',9),(231968,'贾璐',1),(231969,'唐睿',5),(231970,'张睿',1),(231971,'黄云熙',9),(231972,'范安琪',8),(231973,'潘宇宁',8),(231974,'郑秀英',3),(231975,'石子异',5),(231976,'董睿',4),(231977,'邱杰宏',7),(231978,'萧杰宏',3),(231979,'韦安琪',4),(231980,'谭嘉伦',1),(231981,'傅睿',7),(231982,'蒋子韬',9),(231983,'范詩涵',3),(231984,'贾晓明',6),(231985,'郝睿',1),(231986,'姜秀英',10),(231987,'董岚',9),(231988,'雷安琪',4),(231989,'杜岚',8),(231990,'向嘉伦',9),(231991,'严子韬',8),(231992,'曹詩涵',3),(231993,'杨致远',4),(231994,'曹秀英',9),(231995,'朱致远',3),(231996,'吕詩涵',10),(231997,'孙子韬',3),(231998,'戴璐',1),(231999,'陆云熙',10);
/*!40000 ALTER TABLE `students` ENABLE KEYS */;
UNLOCK TABLES;

--
-- Table structure for table `teachers`
--

DROP TABLE IF EXISTS `teachers`;
/*!40101 SET @saved_cs_client     = @@character_set_client */;
/*!50503 SET character_set_client = utf8mb4 */;
CREATE TABLE `teachers` (
  `id` int NOT NULL,
  `name` varchar(255) CHARACTER SET utf8mb4 COLLATE utf8mb4_0900_ai_ci NOT NULL,
  `yxh` int NOT NULL,
  PRIMARY KEY (`id`) USING BTREE,
  KEY `yxh` (`yxh`) USING BTREE,
  CONSTRAINT `teachers_ibfk_1` FOREIGN KEY (`yxh`) REFERENCES `colleges` (`id`) ON DELETE RESTRICT ON UPDATE RESTRICT
) ENGINE=InnoDB DEFAULT CHARSET=utf8mb4 COLLATE=utf8mb4_0900_ai_ci ROW_FORMAT=DYNAMIC;
/*!40101 SET character_set_client = @saved_cs_client */;

--
-- Dumping data for table `teachers`
--

LOCK TABLES `teachers` WRITE;
/*!40000 ALTER TABLE `teachers` DISABLE KEYS */;
INSERT INTO `teachers` VALUES (100000,'孙安琪',5),(100001,'戴秀英',9),(100002,'苏晓明',2),(100003,'江杰宏',6),(100004,'阎宇宁',10),(100005,'吴嘉伦',6),(100006,'龚秀英',1),(100007,'方嘉伦',10),(100008,'马璐',4),(100009,'刘嘉伦',1),(100010,'石睿',6),(100011,'崔璐',4),(100012,'高杰宏',9),(100013,'莫致远',8),(100014,'汤杰宏',1),(100015,'郑杰宏',6),(100016,'王璐',8),(100017,'许宇宁',10),(100018,'丁岚',3),(100019,'邓震南',8),(100020,'姜璐',5),(100021,'贾致远',5),(100022,'侯云熙',1),(100023,'方杰宏',3),(100024,'叶子异',6),(100025,'杨宇宁',9),(100026,'邱璐',4),(100027,'周睿',9),(100028,'杜子异',9),(100029,'陆云熙',7),(100030,'谭致远',9),(100031,'莫璐',4),(100032,'熊宇宁',4),(100033,'张子韬',9),(100034,'徐晓明',2),(100035,'莫睿',5),(100036,'陆云熙',2),(100037,'梁震南',10),(100038,'江秀英',8),(100039,'高秀英',10),(100040,'朱子韬',3),(100041,'许詩涵',4),(100042,'谭晓明',4),(100043,'魏云熙',10),(100044,'郭岚',2),(100045,'顾睿',2),(100046,'卢晓明',4),(100047,'史詩涵',7),(100048,'方安琪',5),(100049,'孟睿',8),(100050,'汪致远',2),(100051,'钱晓明',10),(100052,'熊致远',10),(100053,'薛子韬',9),(100054,'刘宇宁',9),(100055,'朱子异',8),(100056,'贾璐',10),(100057,'魏璐',10),(100058,'邹杰宏',4),(100059,'严云熙',3),(100060,'韩岚',5),(100061,'邹震南',6),(100062,'林睿',7),(100063,'顾致远',3),(100064,'莫秀英',5),(100065,'顾秀英',7),(100066,'江杰宏',6),(100067,'潘致远',9),(100068,'崔璐',1),(100069,'魏岚',7),(100070,'毛睿',9),(100071,'吴晓明',2),(100072,'龙晓明',10),(100073,'方安琪',1),(100074,'陈晓明',1),(100075,'孟致远',2),(100076,'卢詩涵',10),(100077,'苏子韬',3),(100078,'黄璐',8),(100079,'薛子异',10),(100080,'孟杰宏',10),(100081,'卢致远',3),(100082,'徐安琪',3),(100083,'郭宇宁',10),(100084,'金子异',1),(100085,'杜睿',5),(100086,'罗詩涵',9),(100087,'陆云熙',4),(100088,'卢岚',1),(100089,'陆睿',6),(100090,'余云熙',10),(100091,'谢岚',9),(100092,'邹震南',6),(100093,'侯子韬',5),(100094,'陶岚',1),(100095,'胡嘉伦',6),(100096,'崔安琪',9),(100097,'夏詩涵',7),(100098,'姜云熙',8),(100099,'田秀英',1);
/*!40000 ALTER TABLE `teachers` ENABLE KEYS */;
UNLOCK TABLES;

--
-- Table structure for table `user`
--

DROP TABLE IF EXISTS `user`;
/*!40101 SET @saved_cs_client     = @@character_set_client */;
/*!50503 SET character_set_client = utf8mb4 */;
CREATE TABLE `user` (
  `id` int NOT NULL,
  `password` varchar(255) CHARACTER SET utf8mb4 COLLATE utf8mb4_0900_ai_ci NOT NULL,
  `role_id` varchar(255) CHARACTER SET utf8mb4 COLLATE utf8mb4_0900_ai_ci NOT NULL,
  PRIMARY KEY (`id`) USING BTREE
) ENGINE=InnoDB DEFAULT CHARSET=utf8mb4 COLLATE=utf8mb4_0900_ai_ci ROW_FORMAT=DYNAMIC;
/*!40101 SET character_set_client = @saved_cs_client */;

--
-- Dumping data for table `user`
--

LOCK TABLES `user` WRITE;
/*!40000 ALTER TABLE `user` DISABLE KEYS */;
INSERT INTO `user` VALUES (100000,'859a862d259997add85c94e5afb56ab5','2'),(100001,'e579d0ef98518a144bf84fb5aeabada4','2'),(100002,'e82bda7732bb5bea12fff28376e7a0e5','2'),(100003,'a22a74aa38d2cfd1000bce4e8d24982d','2'),(100004,'3ea5ddf15a5af263745be84a02a90f6a','2'),(100005,'95f5f848af6168da0bd5e4015cc1efc4','2'),(100006,'9d83ba49f2b0d04d317efba60924ca12','2'),(100007,'fc2f2c4da9d23ac2d224425e849c0de1','2'),(100008,'fdaa7446b00e51863037085c0d45526e','2'),(100009,'02f865eb33c96467a2714febe7e575d3','2'),(100010,'83b64fd4f0a327217bbbb23e98eab262','2'),(100011,'9f77cd1e234dc07c9e923cc214dbd87f','2'),(100012,'769e0ee9836e7055e0e20c56b6fa9cd0','2'),(100013,'996aa528e61969c4157e77fb1feae202','2'),(100014,'a9eb677b25d51bf53c8a1ef4dc2422d6','2'),(100015,'ed6b93fd2c6a8a6534cd98fd71f824d2','2'),(100016,'c833c470d76062b783eb04bee983f83a','2'),(100017,'bb931505dfc9f99ba1cda0fe64fea5bf','2'),(100018,'d3102dedaca0534fefe5bddcf6d2b4b0','2'),(100019,'be6a2bbe832a58c3bee493244e18aef1','2'),(100020,'51edf48e0a75de080916652405b59e41','2'),(100021,'9645edf6d804c385f2351cb501c6aa0d','2'),(100022,'87f608573f8710be68292bd29fb7ff15','2'),(100023,'c06854b2b6c6babe7c2b94921ad063cf','2'),(100024,'242aeeaec4e7f644bacc49e6df94e678','2'),(100025,'4da75d55f14dbdafa16a273fef07460d','2'),(100026,'f89128a3b9edb7588c14992bde6cef1f','2'),(100027,'970d4914818a39a20a5e9507ea89d474','2'),(100028,'4f11a0d3c72978ec8affbc3ef4d57455','2'),(100029,'61d90fed53d19912693caf5983a5f3d1','2'),(100030,'f1a7522dba82a0e1f2152c2d5e037d82','2'),(100031,'88009b39c8b64694266a2e07e6368829','2'),(100032,'1e6a08c4a2c7a6e8c7c4a226d88c8de9','2'),(100033,'1808cb4192a5a38ef69294c0b61ead4c','2'),(100034,'bbff43638a254cdf320f4d2b62e631ed','2'),(100035,'f0b5a88bac1448ea89bd5483a6717ee2','2'),(100036,'a4c05f541168d9363a0682f71a7b8399','2'),(100037,'c39eac12938e9b73ad730656e03b0511','2'),(100038,'02725794c90bb353c7662989b582c852','2'),(100039,'0325881f14d7179c46c67a3da4335a99','2'),(100040,'4ecf83e02ea64207f3e64a855e1225d5','2'),(100041,'cb800ab387f79030a1a085ed42b8a980','2'),(100042,'529497ea153bb7e4c4a756b52287db79','2'),(100043,'c5cc29d824d7478a0a165ea00137a899','2'),(100044,'11a772aa5cbbb537ce3dca3fd9db8c30','2'),(100045,'1c66d8bad0ad670c2db4fffa08a42afc','2'),(100046,'637cc47f4806e9cf5fec042ab60efdb8','2'),(100047,'1013be9e14a6b722a0dbddabc82f4488','2'),(100048,'d142bb220295ddb23a17dfc1f241018d','2'),(100049,'de237bd03a4075119da53b6c6ec55bf4','2'),(100050,'f9fb25407347917d70dd784b42737d4a','2'),(100051,'b3a4af6cde4d27e0d95af4f914828dc6','2'),(100052,'450fa72e89dc992d1ca934ab0af46f68','2'),(100053,'428d76c073d6e2424c39f11d9677c732','2'),(100054,'07ceb628fc96b0a3e85a508463c636c0','2'),(100055,'831b99e293926eab68e34677fc6d0a1b','2'),(100056,'ff494cbdc07c7373b1b21b3ba524be53','2'),(100057,'736fc4b7f53a562e3249d84defffcebf','2'),(100058,'480c66dad447bb801a502cedb5522cad','2'),(100059,'2b8737e79ffdedc2437e766663666a55','2'),(100060,'2ba39ba01cd068a941b767741870135a','2'),(100061,'d5cb269acad424d9727cb10e18bde926','2'),(100062,'7b27ee4cf0bebb248542b6347e7432fe','2'),(100063,'b3fb080ce2cd825cd0e11bb6aa1fcaf9','2'),(100064,'9e43e4ccd187b02303d965b4cff80a55','2'),(100065,'de51fc25918aa7b0e1b344c7d8fd326d','2'),(100066,'86b183dd9a627238ade58ec066bce106','2'),(100067,'2166fd44cf18e9ed8823861516ca584e','2'),(100068,'1501b9548a92a9bed69e0a43d6d7fe35','2'),(100069,'cbb440d87e3959276eee57339142dbac','2'),(100070,'384c8d014b69388c7d0bffd98099c04b','2'),(100071,'75173428d13d43d2ca638732d2cefd93','2'),(100072,'5fe646168b1b7533483078e22ff2a3cb','2'),(100073,'643aa194151e44ab77279139853e4a15','2'),(100074,'8726bf0c2d0babf5d9d68119be11d00b','2'),(100075,'5d0409f55eb875e9787f73c257405c07','2'),(100076,'d9502124f02901add8382ccb3aafaf28','2'),(100077,'b3bd27a5c26be9bf198d3de87b14b218','2'),(100078,'b71f95720b2462fdb363fa5ea6a60b03','2'),(100079,'3881cf24ac7953d7bbb54abd72c46b4b','2'),(100080,'52cc9d25d85cdcf88735edc0678bd6f7','2'),(100081,'a4fcb4ea7924c7c9075493fff799dbfc','2'),(100082,'7b601fc5b8c4af5c65cd8b689ab6d1a4','2'),(100083,'c18dbcdbcf3a1e022fe8a5ef6bea3615','2'),(100084,'a1e7d1c160979fe678cb693e0dcef1ba','2'),(100085,'99431c189685d7ac3f04cecc3d090019','2'),(100086,'812824090e981d7142775a3075938570','2'),(100087,'151a0a01629de5c95c29c975143ad24c','2'),(100088,'5ad76e75bc6c9575a24d8b5dd3f5fd02','2'),(100089,'77283da9b58e681e70fcdcc7e0b598b8','2'),(100090,'8e65abf9e04a42aa4fff85ffadb178d1','2'),(100091,'26c247c3abbcc406c6188ad18285bf61','2'),(100092,'505eb743a5971b670a4f74cdc057616d','2'),(100093,'4c85a794d1736330f052a13d810b560f','2'),(100094,'81fbdab504f678a54950f087c588fd0f','2'),(100095,'8b46bc808ae62366348c89ba2c684df8','2'),(100096,'3c867a34c8b73067874a4805b0c3007a','2'),(100097,'cc80d83dff1f92480eb71313d36b3af5','2'),(100098,'be287ac2eeed19acd02420babb1fa33a','2'),(100099,'5ae2fbf0a9f4bcf8ac1a5fde9d1529ff','2'),(231000,'0d8910964763360d2c5d036776061dfc','1'),(231001,'9cb43a7ec08d5504c86f10290443ad47','1'),(231002,'d4ec71e9619ca083d5b78fb2e2cb27b8','1'),(231003,'c504a82231d51d398231f6825bdba0c8','1'),(231004,'a897e42b7e32e943526118d02f59d31f','1'),(231005,'66205b5bed548a7e17b65b45e42f2e5f','1'),(231006,'46d5dd1555012050a82faf1aab73870d','1'),(231007,'090db72bbe48803be0998b2263d8317d','1'),(231008,'c2ded258ae9d9f3829ce073b15d41415','1'),(231009,'e2cc5a0dbed4decfb8a48757418ac384','1'),(231010,'bd20cc6cd46e69e1fa3b234b107b7632','1'),(231011,'c4bf532c48b0648aee6ba46dba1b4a54','1'),(231012,'e6c0f823c09d25c8fd0bc4d27df1a282','1'),(231013,'e8172bd667721eb91c45223d62cfddd7','1'),(231014,'b9d63258fade7d790df206a677a5872c','1'),(231015,'845c727003e95ea264b43ddf9ea3cf40','1'),(231016,'815ec84fa651c053a3b512c469d22374','1'),(231017,'d28a1ba8c05e32240e562bb4b33b8039','1'),(231018,'ba5ed83067e8f9fbe6bb5d84faf00a6e','1'),(231019,'0ae8fe356dec6a221ea3e68d15d9e5ee','1'),(231020,'ea5a650b2d3a9a3c9933920160d42be8','1'),(231021,'a857f5f8162e3a1f0eb4e58981e8f4e8','1'),(231022,'145a9e280b6b91cc3d3c3ded43d77cb5','1'),(231023,'8cfaa466703718a46690a9e2014632d9','1'),(231024,'67e59dcca198a5f73d63afcc89611147','1'),(231025,'748099849c11b3ce3e5f195f9e03e106','1'),(231026,'c6f7c1fd47ef8a5f9eec8e0e91192c0d','1'),(231027,'edc01d8c5a182c204f0e964cf975f63e','1'),(231028,'b806066ba79b00e4add54ae8507cee4d','1'),(231029,'25f0c3de945cbf103093f8d0f5d1d9c5','1'),(231030,'c9274d027ee19afe5e9256ac42d8db0a','1'),(231031,'b9eae9ad30581a07739b4eea8ba817cd','1'),(231032,'7c27172677be79cc7289c5ba5c3bd032','1'),(231033,'1a14c905d303ce5175e9818187209381','1'),(231034,'62163a784f29451a5e4badc4bfc921f7','1'),(231035,'4f0c16fa93f3716d9444ab6b187f5430','1'),(231036,'8c08298413dce4b9a46cf096edb8922b','1'),(231037,'2237d998e18beaffed0d7f82d3be1e3d','1'),(231038,'b2ff01323b74d7ad1feef02aff286929','1'),(231039,'e728c98ac735846fd2da3968ca6b25f7','1'),(231040,'84c9e4116c9486612381aeec61d63638','1'),(231041,'7b2e3b11165ca0a70e8c6fda89fb1028','1'),(231042,'c9fa94f86d744f75bf43d6b1c8212d10','1'),(231043,'d1fd859ce2e60fe457d08fc5f57d1d78','1'),(231044,'93374e8584197999d1769ea98dbaa662','1'),(231045,'f3452d85df8486aa1395d3272861f294','1'),(231046,'2cdc36545b96ed085a550ae768670977','1'),(231047,'4fa01727466a2abfdd577940e2e84d10','1'),(231048,'89b2d92f25300eed44d4ae2ae9a14943','1'),(231049,'cbb0cacec14110ed59c38ea2fd86b4e1','1'),(231050,'77b0297034060efa0906b78dc009a101','1'),(231051,'9b0381c20011285ce6348cdde8d63782','1'),(231052,'2ebb6476d48eabd039a3d5d80bb7f2e5','1'),(231053,'9615de613faa92e4767adee932cdbc8e','1'),(231054,'537de32d77cef21be3775e25dbe599b9','1'),(231055,'44a992951c4a6d085284d6b52dbadb59','1'),(231056,'ffc3748542d62139333624cb32bed5fb','1'),(231057,'fe47e69a103cdbcfc10c16b22d4665b1','1'),(231058,'82b26166100f9a0e1512be1d98a0c989','1'),(231059,'49d16c213933411309c3da3f100d1ffb','1'),(231060,'a3769b264d0613f0cb4e45259cf7c6a2','1'),(231061,'0a70ee3991bb6d3c9c8c56b1e62dc2c2','1'),(231062,'cd0098c9e716429777588349bee82aa6','1'),(231063,'d03d6c62449bee24241dc93d9e513cab','1'),(231064,'25d972f08f169b5ad15c0b953219ef18','1'),(231065,'13d83059359ac8c30848e68385997ce4','1'),(231066,'d00fd81407f1784ba9fde02a0262b109','1'),(231067,'9496153c3c2bf4b436dd7bf0228f282e','1'),(231068,'99697ed2e83ded7859503a8ca212d59f','1'),(231069,'a44d1cc7f1b1fff77936275cb9353691','1'),(231070,'c4a7335ee11ab494c34b52c2fb41c273','1'),(231071,'524a95a69c3b0a0a35d90b5e0879bb6b','1'),(231072,'e03aad58e04db6910aa34ae31fac7661','1'),(231073,'3b9a7172c3230d39cd76feb180d09b8c','1'),(231074,'66d77ac6be53775956607162e504ee01','1'),(231075,'1ae94eba19f0872c652c305f865dfaaa','1'),(231076,'592a2979e3d25b7e0ba7ae4ee30e8de8','1'),(231077,'2ff80844cc3440672ebdd20714172574','1'),(231078,'348334a11ed38c35561503e16f1a5a7a','1'),(231079,'aa25871397e634e51d73e5af1d353ff4','1'),(231080,'a5bb619ffebd515d3eb6fb2ab5a549c6','1'),(231081,'47dc840aa8f23c99507312a8b699aadd','1'),(231082,'d9256550317cce8fcdaa418b05c49de4','1'),(231083,'08c28953364ba8a72d1d1b748b5e7b0f','1'),(231084,'a27486a1d71edff54ff15f2867284d53','1'),(231085,'9c1ce253be9fe479c20256770c880e11','1'),(231086,'4f03e341bfc7ba4652bcdde48685308d','1'),(231087,'d6fe12f64770c52fe92394d3fa04f47b','1'),(231088,'f21941361fcb1faada76b0eb1c0b7130','1'),(231089,'bc45c44361338e7e80219997ad2f9d18','1'),(231090,'3822297b2118d98a6f4fc1de7367c4d1','1'),(231091,'301c361a3683957521b86c75efcb4e01','1'),(231092,'6c103bf54d7096f6edc9d9a0b2c5c4ca','1'),(231093,'b5024871bea6cc33016d0d5bb37a7b46','1'),(231094,'a9e5dbd2dd89530f02053b3f43d0d39b','1'),(231095,'b570f8687a02928482a4526d525716ca','1'),(231096,'fd6b812e1330da71751cdc063b10dc3b','1'),(231097,'2663b7d8f4af862f831c00b117864c33','1'),(231098,'e5071def64a55bf9f5b987cba8a2e446','1'),(231099,'9d9d33e3316eeb8991c4952807bfaacc','1'),(231100,'6512e55cf8eb724a89cefd390b6e83b2','1'),(231101,'13cf2a2953510a73b6c279963443fe25','1'),(231102,'8edbe4ebc3e0d5b9348b10a9bd0a18a8','1'),(231103,'dbe4cd3d050c5464b948cd087ff1f41f','1'),(231104,'c916365924ef69ea77bbb35c1cdc628d','1'),(231105,'909cde19d9a5048d77f2b709bfc043e1','1'),(231106,'edf1b1b5fa0b8968d2c8833f8ba1a6d6','1'),(231107,'2dde28ed1313ec3fcf2e89decd4bc030','1'),(231108,'23e5d856c498ffc4b641404d55222058','1'),(231109,'31c0f4162e0b0ffdb522a0ef13707eb0','1'),(231110,'041b8116aea9146ffb02e7edd1b0d331','1'),(231111,'9ee302927a3f86b19837f9ef7e2382d4','1'),(231112,'d0b3dd2223d50269a15cb826cba352b5','1'),(231113,'4f7aea8cd41e93772997142f47ed9f66','1'),(231114,'c58b8fffc744048d958f9602ed0336c9','1'),(231115,'66c8c5583e59abefa2e9e4f143b3ff27','1'),(231116,'828ed896df83bb04d0143582ad9edc93','1'),(231117,'965ba487428e61f0519218185f83901d','1'),(231118,'6ce4270f53aae1427975f68142ba4384','1'),(231119,'28ddf875037104d5c04044a72dc42beb','1'),(231120,'5516d7ac5a19590c78d02fda4e55036e','1'),(231121,'bbd9c4c7554cf64225266bab4b20b458','1'),(231122,'1a83a32aff32c9d998d7a6f147dde1db','1'),(231123,'8836396fb1351ddeb6d729fab2003bc9','1'),(231124,'6e948dcdad5facbf90efff7b0d2b0621','1'),(231125,'99121e8969d1da3f388f94e782dbc0a5','1'),(231126,'0c06ee2a43b03189791eff66c3ec92a8','1'),(231127,'e4df0ff9f3d809a2104fdae9a932b8c2','1'),(231128,'1fe96f609ef58729df1cbc56cb450a84','1'),(231129,'f025374f0c3a0107dd70f38436f6eb88','1'),(231130,'06f77082402427cdebff9b8f15beaf54','1'),(231131,'60b3c84681b9ba72eebaa0aa4cbae7d8','1'),(231132,'8b875d5a060acf0564103786b85c1d54','1'),(231133,'72bbd715970dd4808e7884b6189749c1','1'),(231134,'2aa087c829f0bfd0f59b4ffae8a8caf7','1'),(231135,'af71c9d1432386d4117f13ec30c32d1c','1'),(231136,'efd07ea6400cdd6c98cfcb7554323989','1'),(231137,'3776bfa01beb5d9d43cb4ba84665ae31','1'),(231138,'353e1eb8c6a0bb1b40236bee0c8931d3','1'),(231139,'58f85d076c2ac7b17fa3b0f00c9b5f64','1'),(231140,'c5836934c252d2e0aee42c74a8b2454a','1'),(231141,'866a72b6feeb5c582db04f262655176b','1'),(231142,'6c796596a4473aef8a93e403bb7892a7','1'),(231143,'aadbd8a9c1ef54be841e95c30585c3ef','1'),(231144,'85e51a05d67883dd3e348f533a5c5a68','1'),(231145,'96b91a040dbe88b36371a0b86409a69b','1'),(231146,'5a5fab3e435882242e558928b47529ce','1'),(231147,'f3c770d034d2692d915c20a4e874e7b1','1'),(231148,'a23a1d98b544719141553e97a14a5223','1'),(231149,'d940fc497351b774f130e48d2b92d6d4','1'),(231150,'7c37269da89504cc5e7382180dc65c63','1'),(231151,'b24fec3c54cfca091cea39b6f65e89d4','1'),(231152,'3ac54d025627258996de8ecf1d1a1af8','1'),(231153,'3a6f4c14e5860a64a108e1d16473ee66','1'),(231154,'02b1297c600dc3dcbd8493dccdae170e','1'),(231155,'c4aaddb80a16164f9358761e67521f69','1'),(231156,'b52ce77cd951418331160ebd94c31bdf','1'),(231157,'25ba8ba3e00c5a889c34152d3538c53e','1'),(231158,'36677231052388b02d07506ee2688085','1'),(231159,'e85917d142b5e21fee0e7aab25d1756a','1'),(231160,'87586544507430607e5f31c08e21f794','1'),(231161,'debc8f82ec2b15bfecf53f8e32af06cd','1'),(231162,'9781de7add0864faf891d5c6d656e139','1'),(231163,'e8282beb68b446b600750c3fcf067848','1'),(231164,'70f06eb8b81ac6690e4a981b43a8ae20','1'),(231165,'eaa3c8684412a84baab57ac49c86662f','1'),(231166,'da48127d7e2c8b7c406c49d22855a583','1'),(231167,'78cc24c7988d3ce98c6da40401b0b48a','1'),(231168,'8e51bd41dd44791bab91a3ed0ebf44cf','1'),(231169,'5d07ee9563b40eda687aed5fcd1c18b9','1'),(231170,'89a5377c290a34e2d21c8f9f94e5b95e','1'),(231171,'87cee8f8d637e4262a70e9aa7313f5f1','1'),(231172,'9194de01f8ead5563da50ec163718c38','1'),(231173,'f6c35d42f9b4b6dfb31af81c9b89caf0','1'),(231174,'502a6709efe91dedac726e4dc9862049','1'),(231175,'44b25f9aacdb242f98d9fd1bc2bfe874','1'),(231176,'e611d13fdc9ef261e424f6e455c512f3','1'),(231177,'c1e87dc8120c0cd879b9471811f92cfe','1'),(231178,'38c6c8ff3b0ef035c5f038845062bda2','1'),(231179,'994312709eca467742674436cc468c3e','1'),(231180,'3696a51028aaa40e3e678bd5d102c9b1','1'),(231181,'9bba4d53f6e64898d67f085e98d21243','1'),(231182,'14d315eac804540a1a2d919e7cb0b981','1'),(231183,'574e371ed17aebd6b134372dd949648e','1'),(231184,'cb3a39f20d1da5af1dcb8542a8b48fa2','1'),(231185,'9874e79fe4bfd5c5ec32d4f3834101da','1'),(231186,'78aa8a4c89e9fa3aadfe55a943112f46','1'),(231187,'7c2fbc495e2dcfd4186661ea1da9444e','1'),(231188,'03e35a3b5644b746cae979b4ecaebefb','1'),(231189,'8f300b5fce04960a5910c74d8b6c739e','1'),(231190,'0d998930a0c2fd4f116a2d5ae6dda383','1'),(231191,'a801d9f22714b4c8643f51e0831acb12','1'),(231192,'a00f9c9a1c3c197c746b4516b8f30807','1'),(231193,'33f87dfd9501d8db0d891faa431a7486','1'),(231194,'4ffeae608b0438c47ae4b95b54876e0b','1'),(231195,'a68d447bbcd67ad1a3eb4fa27b4a986f','1'),(231196,'7e2d1b9ccee3aaf58bd3d624bcbe23fb','1'),(231197,'c0d41cfc5abf8af1c476b36ae3eefe18','1'),(231198,'9914cc56920b231f70754ec95bf2e7e5','1'),(231199,'6d612ea1aec98c126215f8683d2fa65f','1'),(231200,'5f88dcf71146f1503b26220321efb393','1'),(231201,'553824067cdf9b23a27de6ee53e99d06','1'),(231202,'ead8cd6b4271e3e14773debc24ff0099','1'),(231203,'21a54df8f5bcaeab304c08c6b87ae349','1'),(231204,'26060b6fa201a8ee309a9445fed4758b','1'),(231205,'3a4d71add7e91ac6e74ae2061815e804','1'),(231206,'8282321ffb3453cfafac4a01d4a37c42','1'),(231207,'abef792dd8075bebbed160d650f2d476','1'),(231208,'4c4cfe64d4b6592766141b51bdec51cf','1'),(231209,'a392a98fa327fbb9082bf2e4bd9ccd20','1'),(231210,'7fd136609cc1f7c01b8715b0b45f1cc3','1'),(231211,'a7fbf0b4e0e29785083d45db7c87f462','1'),(231212,'1c945918b67ee273672074a9c985218a','1'),(231213,'33badbc88630efb0f97fd5190a367bc5','1'),(231214,'e064cf0ff5de3b2dd8221d14ccf02c9b','1'),(231215,'3603b645f4111bc9946ade28f2175624','1'),(231216,'6c06f9916dad819865e4fd279264e953','1'),(231217,'5d39ec86b703ff23a197d8d7763253ab','1'),(231218,'27b2fb831fd397020b9e5ffd42cd6ec6','1'),(231219,'1327084010c58844022506c13b2fa78d','1'),(231220,'ba94603b58f516abca078668a58a4dd0','1'),(231221,'210a9cc3eaafaeac27883b1469be303c','1'),(231222,'045034fb6be20519cfca981ace0ad48f','1'),(231223,'25f135e5dc948ad68be2bc57b9cd6e07','1'),(231224,'38d98a4041fcd37c255609f6637162b6','1'),(231225,'8e742a2e638f2be503017bcf393f62e1','1'),(231226,'0d4db69b4eb67dbc2748dc00d91b5240','1'),(231227,'dd008f0a2f5b313fb7c657c90ef81f58','1'),(231228,'a03d2e8051b8f716ad9c3ae8c51f1965','1'),(231229,'862b74491facd258f26833e4977b1582','1'),(231230,'a2fbdebebf48b25e9ad136ea8be5c2e7','1'),(231231,'ef32dec494848bd4bca5c9c50cff7f04','1'),(231232,'20ed178b2d1ea0f3f8f69227b80d07c1','1'),(231233,'cac600f0a655d707f079bd0f001f9ca7','1'),(231234,'8889e22160a67a73215225e6c3044fcd','1'),(231235,'5eaaf594355be3c310b6cd3132f39575','1'),(231236,'f1ab0b93da21c7cc6ac5fd20e88aa1ed','1'),(231237,'889516b375e3f30676c1d8e483d7ddfe','1'),(231238,'0c23e0dff26504332809db7796afff6e','1'),(231239,'7ba675d6809d607c8969715ea4f174d0','1'),(231240,'0c742eb27f14d408b86cb4ffb129bfd5','1'),(231241,'646d4f4259b440256e8f502e123b9fc6','1'),(231242,'ea521d68894292e74d2b01f41664f524','1'),(231243,'e0dcb393fabce2c1ed6cf183b6857cb2','1'),(231244,'2139c9a3222f1f80e83a1e1db1410acc','1'),(231245,'c09abbd39b500f67c4cfd66915ecdbc0','1'),(231246,'d1a642ff2cb4700148dcaaf705aa207d','1'),(231247,'0f3aa40217a0fd3d4f52bb9a1257ef77','1'),(231248,'a0471b48aee2c4a36b57e2690fed6435','1'),(231249,'a09de6faec90bdccef95e19b364571af','1'),(231250,'25f00a772b117e4144acd65fb52b0fb8','1'),(231251,'1163df3cb187bac6672367b36087e1d9','1'),(231252,'75ddef08569ee46c1b7f09ec479dae4b','1'),(231253,'92a86a79dafd37dee983f2dd053601d7','1'),(231254,'ffc211d5dbbdab8deefff5bb5f941619','1'),(231255,'1ba0a7c2d66befb40d76d95688702cf5','1'),(231256,'6740a087ddcba14f8279eccbbc1731d4','1'),(231257,'d328395fdd7940279b7cf890a69764d7','1'),(231258,'8c08f236a62431ead355088f651bf97e','1'),(231259,'650f44f1ba0c9dd6f36d3f5c1acb0a08','1'),(231260,'2182653314f835e20a87c780562bdb52','1'),(231261,'cfa52cd5e75b473528be5dd32947e7d0','1'),(231262,'87d27054c7e913cc1c00087c2df9fe99','1'),(231263,'dad70ebb2e3718586201364089318a29','1'),(231264,'0c7c978927189c34c290cf4881e03398','1'),(231265,'63206f7843e44b32f9a006db84a255be','1'),(231266,'295e9ec5077087824bac5e928780acb7','1'),(231267,'d48af11169145c8357c32bacd05dc1ef','1'),(231268,'01ebafeef6dfc1636eaa09b74fce0a77','1'),(231269,'b64f3ef88b066f3caa9bea0ec6246c6d','1'),(231270,'c87ac7e1f33bff24d5a760a99bdcb8de','1'),(231271,'dd5dc7dd72420d4767e23a717f61e9d7','1'),(231272,'d2def432c2a83428414199501249fdd0','1'),(231273,'f7f6c735169184be36746eb0e1430527','1'),(231274,'053166bdbae06b6414dd8f3be3589ba8','1'),(231275,'a1d499fc1613b3747cf7c345d760b4d6','1'),(231276,'18c5442bc72467e8528140cba7151a19','1'),(231277,'c22e99a6c56b69714925a6fd3368e7c7','1'),(231278,'73b8cc2adbb3fee4f989a244c197643b','1'),(231279,'fd91be3a7b99a16781db6ff164248a80','1'),(231280,'a113dae42bf4180c94d7a8b32a19a22f','1'),(231281,'1653cf66307e7c24c4116e54fc262370','1'),(231282,'da41969d85471c785592e6ad0d9ef977','1'),(231283,'92d24f949010d24c1b534fad6bdbfcb6','1'),(231284,'87f1e92069af47a9c7f136344b8aa830','1'),(231285,'5970131921d5f9cfe67d33ffab7e87d8','1'),(231286,'af6c8ee2703275b47b894be08d9b9580','1'),(231287,'0b75842d478963beffa9f4304c8f76e4','1'),(231288,'1fc896c44def24b8c134238863b7540a','1'),(231289,'dc41432cbb21dd745ad5040aee3894aa','1'),(231290,'d73680743b2dc53fc9b0a1b3880a0ead','1'),(231291,'2a2fdc921f34fbe1f9550a5c5236c856','1'),(231292,'89bcc7ca782b12558a726963676c84ad','1'),(231293,'ebe1a4c1f08afe70f9617a0866ce6ac5','1'),(231294,'d41dc58b769d1d780ebf756e74880ad6','1'),(231295,'68a8bfaa2b4e87e00de2bdd55af4bbdc','1'),(231296,'1c1abe31f7a886b887f925948c6ae1c6','1'),(231297,'0599a8d714f1e673406cf7a6d276d299','1'),(231298,'b1221437b259d9491e59f743f981c9f4','1'),(231299,'f34e0b78ee49a764bd02a2e640d8926d','1'),(231300,'8ba095940e329845aa32d6a196f8dc7d','1'),(231301,'45d7d7f147c251a4ea1af5837255903f','1'),(231302,'7512db951ff263540345e3e563defd68','1'),(231303,'1444569caee56c309a08d551ba6d1414','1'),(231304,'1603d4c27efe568535f9151b3dced96c','1'),(231305,'0e73ea56e56d6785fc9e8b07b4f5756d','1'),(231306,'94d3261ca4fb6ffa4e50de1b16299abe','1'),(231307,'6f4c27a758779409016655f11eaa2730','1'),(231308,'fedb34277ab216a03ea2f733bb63a3ca','1'),(231309,'d30ffd671916fa80310a0c31a307a161','1'),(231310,'e7d0a757286befd551d6077ba0e272fd','1'),(231311,'8f1d8a29ec92a6d470d72e48df94b209','1'),(231312,'ea7e67ad104462aab4fc52fbd1ac538a','1'),(231313,'5371137cc1613aee60396f5765d33d20','1'),(231314,'6c4cbdc0bfa43364ccf3d6330235064a','1'),(231315,'815cfad27e98e2c9ad1940d6042c8cde','1'),(231316,'56f78ad4019e298beb0ac4539f3a4dd9','1'),(231317,'5bb532e9ff53579ec0f32eac8e96afc6','1'),(231318,'4b9f3adafaf7267c4e3697bb7c45a14d','1'),(231319,'89ceea5e45a6c3bc0f873235ae60465a','1'),(231320,'281e3ab6386d5afae5a5c26b8e50e61c','1'),(231321,'ed70e212f6332118ff486e2e109a4ced','1'),(231322,'6066076ae7ad0d7b06a793350b15a23f','1'),(231323,'13ce0832901d7ab6a0be624826e8a404','1'),(231324,'b9a4ee2bfa3914025ef7aff4bbb9b734','1'),(231325,'eb5ad50a9ef06fcf195fad98b05c57ed','1'),(231326,'e338bec8b4371963f818e77e3f319aa9','1'),(231327,'bf63ed048ff85a1617c49b87a871c95e','1'),(231328,'a4c5457eb9bc6a3ea0757ae83a513345','1'),(231329,'3e7e89d5653fc61982ab2b52aef4953e','1'),(231330,'f7452999c6392e4ffbbaf034d8a07d6e','1'),(231331,'dbf3e5647decd5a583409c99833b5214','1'),(231332,'5a6497242c1f8c3bba418a9b4c266dba','1'),(231333,'46a1a8ae24dfa31b8de3a13d1227ef9b','1'),(231334,'fe3c7eeeda6fa31acfb813104128afc5','1'),(231335,'586988cfabfa178c000e43a1942f2430','1'),(231336,'8e2cf052a92e3e9faabbc7b117d63ba2','1'),(231337,'1902136bed82b2632f4044efefb08454','1'),(231338,'8a8a9bd1053d4fe25c0a5ad02b6747a3','1'),(231339,'2d9daed274e5e309f41b373d88b3ca7d','1'),(231340,'6889a1b2bf5638cd5df9abb7333434b9','1'),(231341,'e67d93af07262e78bb324f4b3bc32ba6','1'),(231342,'eb010b4f2500711b88739fa2bf245306','1'),(231343,'e93baafe7b374b714e7ccc43ef0b303b','1'),(231344,'7fc0da7fb7eadaf32db84a6106527052','1'),(231345,'e4379f710ef652068a086df20ae9dede','1'),(231346,'6c47f972922ac9def6e78ed96e755afa','1'),(231347,'439d5ca17f9583d567a77204ce807bce','1'),(231348,'4d006da6ccea7201809fd0e09fb4eab9','1'),(231349,'009d8f091d4766b0f73d0f707c02cd0a','1'),(231350,'0eafb95149f5ed84ab406f3923bc8f49','1'),(231351,'d506127ece486f3e97146c3c138ec753','1'),(231352,'4fe59fe25db1c6511dd41c8f12ee7615','1'),(231353,'ae138496e78afb32fcf6ceb486bf74fb','1'),(231354,'b544a779a2eb43376e815800b0df98fe','1'),(231355,'800a1d805d39438e417111f5670e8f51','1'),(231356,'75e749c4dd8bf2915f97d3f34d72832b','1'),(231357,'efd53e0de64bfd252f8ad2f98b458edd','1'),(231358,'042f21bfcf0d8f2a9b804c381f106190','1'),(231359,'35c94917082ebcff01106a26ab32aea6','1'),(231360,'ebd5aa1d207b7e4ac408029e26e88a3a','1'),(231361,'0d95c535472fa18a7bb61aae15569c2a','1'),(231362,'ae3863b6fe75bee7f04c56db7fda2cfb','1'),(231363,'f0240dd889d78a9a879339387fb947ca','1'),(231364,'f9f3e601a38a5fd5425f113fa79f08da','1'),(231365,'d378be05447843ec8a249089bdd8cf12','1'),(231366,'a7b182b9e2d227f5c6eb1b809d667332','1'),(231367,'159aa8b25aa676f33c051866e0e2c9b1','1'),(231368,'c4630ee78ce80c64132116383807f8d8','1'),(231369,'4294b35ab80ea2ac48dbc218e39272c2','1'),(231370,'f729ee1f01d584c86f95dad06c9cc725','1'),(231371,'5342290c4447822f5c47ab9d7cc4df31','1'),(231372,'68bee8e768cfcba22bd32fb31123ed61','1'),(231373,'cfef94a91d94923b93199034b3d0aed2','1'),(231374,'bde7d1ac57d4f96b994cddbbb8d8e921','1'),(231375,'43663ffc0bf2bb2d1ee9b3bd2dc21228','1'),(231376,'732f2a6a62256d0a9d29a158e3156fa8','1'),(231377,'a2af516a0ca3a654a559bad6798d51e1','1'),(231378,'d9251f9644e7ef338d054ecc7bd22396','1'),(231379,'5b5189da96fc95f8548a65389f312bc9','1'),(231380,'faffd58181e31216a2336d962c7a421e','1'),(231381,'8e00873f0061ece37d56715c4b95d993','1'),(231382,'e87a078ec6de8db73f185484930ced7c','1'),(231383,'c31430c82534d5ebddc46b5de3ca111e','1'),(231384,'75147ab4fc661f32bc7468292a696b57','1'),(231385,'86c1c141676718efd8b57b10837d96ad','1'),(231386,'9bf5821e805935a5528eed9ae446e45a','1'),(231387,'70bcb51a2408b6901ed8e98eb77a216d','1'),(231388,'9542095d44f9596636cb5c010deefb2c','1'),(231389,'d5ebbe40ccc6d35b0325eaa214babb9b','1'),(231390,'fdd6694d7aea31cc7fbb7e116449e495','1'),(231391,'c8c0214442339c54191a12b9872d2e2d','1'),(231392,'93cadb7ff5249f2f40ee01e5c96f73e1','1'),(231393,'8897cb314e985775d689800f7d020e63','1'),(231394,'ad554ab2fa59f1f6679ea92a8eb00427','1'),(231395,'9f1b92083aa6e10399ee1cc4cecbd90e','1'),(231396,'4aef2110f430567b4f9abcd4c5bf12a3','1'),(231397,'47742ba9066a3c4afe9072d07738beee','1'),(231398,'7c9dca0129c35dc530a8ad35e1122aca','1'),(231399,'c59178361a1f621868fbe30994c8e089','1'),(231400,'322f9b857f16c1eda7744c43aa3c3bcd','1'),(231401,'c722a05f830be1b5ffa0f8b07cdc6093','1'),(231402,'170fc33e2911943af0c04267a091881f','1'),(231403,'bf861932c57f6dc115fa8de0c457543e','1'),(231404,'c0f694ae703daba41291d6c14331b989','1'),(231405,'76a1adf64e373bd0ba5d9c9f02b46c31','1'),(231406,'928c4637965245b1f5d1ddd53d255a3b','1'),(231407,'256fc1346a0c949eb4b5605ac60ca1d5','1'),(231408,'178ec7f4c6aa15b84d52607943f59e75','1'),(231409,'c889b235cfd99afb9774c5a018386c85','1'),(231410,'dbc338267bcbff52cc26818bad7a1d52','1'),(231411,'f9e2da3fbf55e79bcb007a93a0564d4a','1'),(231412,'15dca8d2cbe1e700c7d6dfbc2942548a','1'),(231413,'7e34256e632d59aa4f9a6a58a188fe74','1'),(231414,'b85fd22e1c97a6210640d9201f9bc532','1'),(231415,'06c106026066c372ceb742308e7c18c1','1'),(231416,'20e12d009ae50db9c1ae7108f2dc54b1','1'),(231417,'87bcab802e0349c86380fd6646966a7b','1'),(231418,'ba6af0b4252138d65946a2d2fbb94b5d','1'),(231419,'a9eab94acd0dc4a2caeb3a8e647f6ecd','1'),(231420,'256720487722c4485f4ca737f9454f64','1'),(231421,'66b22d6b46e5e79f48739cdc3890bab8','1'),(231422,'6a37f5e88b7a9a411c8a8a76ed713a75','1'),(231423,'29eba7aa91e8a7425be2848ac2b3f30b','1'),(231424,'c94d31771c36a6747d0b9993a18f880b','1'),(231425,'3d750726460d6e5df60ce1c0be19bf03','1'),(231426,'c633b6e30d2eaa91829516532b67119e','1'),(231427,'cee7c6dcac8a01186bd225121e56f53f','1'),(231428,'ac0e3aed825a4881a5cedba05198914b','1'),(231429,'d39e5096dfa4349200a59463465176d1','1'),(231430,'6db744445009ef3169006518bd172ecf','1'),(231431,'4c25dfb3f04b031a178f78299125ab6c','1'),(231432,'4f057c0e0773d59c8725ce14b42885f8','1'),(231433,'979c1f898ddf42ace3d5ca8fb2e88d83','1'),(231434,'a00e3f042da27f09fe6645e9c789cafe','1'),(231435,'214639fe0539f66d7afd1a82d3c10ae7','1'),(231436,'7cf102e0650ebdb66705a7c0c79d6624','1'),(231437,'2133096e26886d8dd779de22b7f6ddd0','1'),(231438,'b88d4e5c5bfa9a012450fc2525a7c5e6','1'),(231439,'b2d95435ae9c4975b0852cd08ffce40a','1'),(231440,'ae7e56a802928344717a6877a1f60a5b','1'),(231441,'08b620e4fbe660b953f41e19fb1d42bd','1'),(231442,'ce0571c49802f6fee61a6aafc0c34721','1'),(231443,'5e5ee681776d059c588ed9924850fb60','1'),(231444,'6fb37c60649d874d37e5c798e1988030','1'),(231445,'127930640161cbd91e54f5ab29d0b145','1'),(231446,'3e17d4ef616a1e89984a9fea35c9e6dd','1'),(231447,'428da34ccd977227b5bbb35b6eb55b8b','1'),(231448,'f0942d63d5eef29e52708a6f514f3719','1'),(231449,'942014ec309aae984af2382246521544','1'),(231450,'0a1acfe52dfa358409b35be976eef403','1'),(231451,'d00b2d8c7dcdcb3baf298c06f3ca9c58','1'),(231452,'3d2d0c7da52dc21bf5c60b8b15e3cc54','1'),(231453,'6058791443c6d7af64dbbe6c7ffbf15a','1'),(231454,'0026475ce382e5120c94e8b78d87e043','1'),(231455,'d553321bd2f0c3cfc3e07cd823115383','1'),(231456,'60d21b7752ea32f1fa7e2cc1d8df06c6','1'),(231457,'7d732d324528d9e7d028ad9bcaef2b14','1'),(231458,'75031ced3b70d17264845fbf2b925316','1'),(231459,'7ad738a82944fe695868ca7d6fefd1df','1'),(231460,'fc40d25a499f10ef862d5d92fed3effb','1'),(231461,'205f924bc8b8851aae17961165e9e333','1'),(231462,'2350b7ac4f4a484c2364c6f257813537','1'),(231463,'8156e2a45f11ec1caa0a46fe2edf7de1','1'),(231464,'9951ee7c9767ba1192d6a71ab460c2c5','1'),(231465,'f10208cc2cc5b4acf2d69343a9f23882','1'),(231466,'37fb3645745855f6ec600828dbf6c198','1'),(231467,'ca71d3e61be15ad94dad5321a37cf38f','1'),(231468,'d2037e8e36fb44941ba3eedc68ab9942','1'),(231469,'5b0f1f9ba5679fd7161732ad31f25718','1'),(231470,'8ab7c295a35c6e7213634051dc175534','1'),(231471,'ca38bfb08cc14b3eee9f8f88136630ed','1'),(231472,'1b3b2ff0141a9f467e6695a89e73c92a','1'),(231473,'0214053f0eb752ffa89bd0db407c5ced','1'),(231474,'0b44c6ace84769285575c19be37097dc','1'),(231475,'946a36615b08eb7e8f45bfe3ff6c73f9','1'),(231476,'1c30a54ac9ba1b2bc265fc71947238ce','1'),(231477,'89d1570338395c1c3b854d26f0447f6d','1'),(231478,'d1d03d54bdfceaecaff4353b1d4191ec','1'),(231479,'db719c66d7d96266ffde833044f57f03','1'),(231480,'c5ba815cbb339149caa35543361c3bd8','1'),(231481,'872eb7c0574e915dcdbd8fa3afafe25b','1'),(231482,'c4a13a71393d6d056f5060d2f92283cd','1'),(231483,'71c6f1608535a49652598a88e9dc4d1e','1'),(231484,'5d8bddbef485548a8e0438d16cc8ae82','1'),(231485,'3ad1545ffc29aa0036507ed9041dd9e0','1'),(231486,'4effff2a72de2cb490d47d4f8ee4de26','1'),(231487,'4b7e5da5bca19a62da81981efc05ef09','1'),(231488,'4967ea4a7cf3a98f55c8f264d97bfea2','1'),(231489,'976c47ce4035994e7a45a1627828005b','1'),(231490,'86532001929917a5dff60b491e9a4d4b','1'),(231491,'78869f73b07158a383d5c730fafcc96c','1'),(231492,'4a994be398992d0ce6cc3248a60973fe','1'),(231493,'d50dddca610a2963a321664fe9601f28','1'),(231494,'0027d5785c38fa76bb0b1dcc60291d9e','1'),(231495,'66c686d1e7372c63b5ee6151c9b53bbe','1'),(231496,'a6f5103d058f75122042d8c970fa84cd','1'),(231497,'06d2eac90d1c67a03fb0beaa302e7caa','1'),(231498,'7fae46c76b8cdbd52ce2d012eff6b038','1'),(231499,'986139bc0485f16426b5d483071d7724','1'),(231500,'5eac48aebe75f2d21fde5bba37ca49fb','1'),(231501,'df72d449e0e3fa46513aa1d1f4c86fda','1'),(231502,'110b8377544508baf46cc966305d9878','1'),(231503,'b46ea5eb880973a93acdc53484a9861c','1'),(231504,'0eac9fb97477756b8c5df8973d0d7e42','1'),(231505,'b5076140bdf960f54c0b97ef92dc9f72','1'),(231506,'75835eddfaebec143ec94c0c5b243555','1'),(231507,'d14b2765fe23b6eeeeca2f0e921a9beb','1'),(231508,'0902bda6ae0f0366d6daa65a36546516','1'),(231509,'eed285f50de242132ece394f566eadc8','1'),(231510,'b8ed35eeda6e1819cb97328f8b8ef272','1'),(231511,'bef77d899bf4ad7b3eb91b8b9de1d36c','1'),(231512,'c30fc110f226886ebc5381e8aa65e414','1'),(231513,'5f0b61a75144aea7e1c71b2bce08e7e9','1'),(231514,'252a4969dbbca9ca75985ea9099f037e','1'),(231515,'423ef90db8da845c68950ef78314e6a0','1'),(231516,'5860852358f75f850875d7abb5584649','1'),(231517,'2ecb7dd80eb49e1718eb9db21f4651c3','1'),(231518,'bd6644acd22c92a5d1fb19df1a244157','1'),(231519,'6fc9edef6add1bf5f667aa84f4b42fc6','1'),(231520,'6c4d7c02ce443423e49c0d363b5f6066','1'),(231521,'f91a86af214a3a9c389fd3642565c812','1'),(231522,'05a27ab1993780f004f3819dc5a90300','1'),(231523,'7eb4e0ca612a6c5dbb45013862451e63','1'),(231524,'42bea8e1dea944fec2d5236e92921d21','1'),(231525,'4d3b39fcbc5e41ac5a45b6c103715958','1'),(231526,'dea48d6181306e7cae65d8a45df8a8ca','1'),(231527,'e7943e9f53bf5dcd05be8c76f2a21aeb','1'),(231528,'f3e16e4678115547c593de61c60dafa5','1'),(231529,'3e8f000d4f0085ad2c91ad18ec6b9ce2','1'),(231530,'246c6d49f151262758417f262aec0c0a','1'),(231531,'e44b8ceb71be6f5c8bd0f6610763a6c3','1'),(231532,'b75db1c5f5aed4a6e009243cd1e64565','1'),(231533,'9f77cbc59e208caeec664938726b7946','1'),(231534,'b5b49df8d677b9e8c9f13c48ac82ab45','1'),(231535,'832f8b07fc1f208aaf056124ec2038fa','1'),(231536,'7d04ef0743cad766624453ba9e397b2f','1'),(231537,'7a66980a31f4a027be1c3bc0d07663ed','1'),(231538,'eb50b7e5dc525c4373753bc9eff6776f','1'),(231539,'37d5fbf8b7eb9f80880a13eda5f505b3','1'),(231540,'261abaa75e92a6219b1f0b74bdbd618a','1'),(231541,'76380492ed495a4df99e8ec171181176','1'),(231542,'56f1fd37c1169de0560eea65dd8476c4','1'),(231543,'f47564dcb96f1c533971c313d986fd8c','1'),(231544,'88174d6175649e42444b89931a87629e','1'),(231545,'d1b2e0a0633e5c0b5290e1722f48218f','1'),(231546,'40ed89322caad6e433c967942f60b020','1'),(231547,'9807ff04427793183bbdd4be8fffdb96','1'),(231548,'45ce4f160b4da9a3ab2c4a850b485a8e','1'),(231549,'4d852cb7d408ce806b9d6eeba41dc6d0','1'),(231550,'7205d7b4256226d905fec6af013cd57e','1'),(231551,'e669498298dd959bb99f5eaa2437c469','1'),(231552,'53789e861babd192f82ea5ed13f02608','1'),(231553,'efbf204053041b0e15f4fc9f2c1e9732','1'),(231554,'cce58abec93583a829a55eb878901300','1'),(231555,'ddc0ac1be5221ac3b182b5e8d2942c42','1'),(231556,'18f815aa6ac7c7d58304356e3bc94c5b','1'),(231557,'e4517bd81804af53463fb1648d7d5c34','1'),(231558,'edd3f07860e6648dea82535d145c729c','1'),(231559,'e83fd3c9a7fb62866323db8f88ffc0fb','1'),(231560,'51deeddb533944b6dc67458bb934420a','1'),(231561,'d8de45337190f8d9ef08c1840bff48f0','1'),(231562,'bddf46d7205925a615627cabd55bc3da','1'),(231563,'a72948a794ceae17c71589d57096786d','1'),(231564,'5635195a2a6b13081b80afaa05095a78','1'),(231565,'ef3cccc138ab713b87c423da88b69f1a','1'),(231566,'cb1a46873b0f222455041b88cb332c20','1'),(231567,'8ee856bb49d67f5a569dd0982de05a50','1'),(231568,'a815d09ede9bbad97c755b53e3617731','1'),(231569,'976833092db0daac8479789c878e574b','1'),(231570,'9c4c08ce423c9addbc05e66896d0c418','1'),(231571,'a569da38878dd7314eba0e8d1fbce912','1'),(231572,'1ab83a4c1b0093f7d5361fe35549f1b3','1'),(231573,'2faa6ec6acb2c566d33d0aa4609fb722','1'),(231574,'17d6e0696a6d56e63b8d2590be3afcd5','1'),(231575,'ca7715e6720c6906bae7440f3548b252','1'),(231576,'e445356d1c7720308dd2e0bf6e3dc57b','1'),(231577,'6fca2666812ff5807038d78d02cfc6be','1'),(231578,'0d2986f7627667bba3c138f37f4fbe41','1'),(231579,'67aed5b4a4131160fd01c5d9c4dca078','1'),(231580,'1745ed06b8e06a2c2ddf4852213378e9','1'),(231581,'48915938337c2a734ef7f0d1be27e090','1'),(231582,'a51ed17b6aecef87b4055c0642876e86','1'),(231583,'0a09aff21acdabdb3613c98ac51e9e62','1'),(231584,'7349ea5fef93e1c2b2c6a8e895bcee55','1'),(231585,'668bab4fc3b3b9c7611ca4c9364d032b','1'),(231586,'f178f22c07efc9bc34ce4b918c5160b5','1'),(231587,'c021577808c0a35d922082da1ab10cc2','1'),(231588,'2ec6c5791104291c121dd6b3b824cb7e','1'),(231589,'a83da00c4ae57f96c3de75d69d3ab413','1'),(231590,'ee2f86015d6f9a75feabbb1d330ffee0','1'),(231591,'242ef954261867eab6f9251198ac0dee','1'),(231592,'962e4cc01de4a1edf36c40ad039d089d','1'),(231593,'819ff7e8016652b708a48f26b0d7f909','1'),(231594,'40b83437175338c925783835b03737f4','1'),(231595,'b994c5bc639754e0696eb5ba7b196021','1'),(231596,'f18f56f550b5b94b424f16fa737e0632','1'),(231597,'c0131601b53121c2a48cc1419e51f7e0','1'),(231598,'9fd6a728b9ec6c7793c2cec8f29082cd','1'),(231599,'7810692c7881f8a961be25b33f397fc8','1'),(231600,'8becab117aa5d1a5e0171bcafd761e9e','1'),(231601,'ddc56f0cd81e695018527dca654e9494','1'),(231602,'5cf015740a3415f18f50ab9e9fb029b5','1'),(231603,'120d0f122709b7cdbcc259d1fe4edc9e','1'),(231604,'adea53cabae94db4bccf26124c40df1c','1'),(231605,'e805ce024746bce716adf364fe595525','1'),(231606,'19b2df4e1157ee8f67ae9005a90babc7','1'),(231607,'e889b4ac9449c38ca13ed4f59944f828','1'),(231608,'37b0c9ca52cd2bdc4080dded8b2e8975','1'),(231609,'5d7a6fe8a8decab5deae4f4b3ac1b467','1'),(231610,'f18bf5b8776765550070ee115e3bc805','1'),(231611,'4e45e0769bc119e0fe0c5d1dff68f654','1'),(231612,'085a42b5ff47d22b5374d5e9478df0a8','1'),(231613,'f916199c338d465ec5dbd8071848582f','1'),(231614,'a85b7eb0c59ef0e901c8567c3bad6ea6','1'),(231615,'1a396291e31a40a4958312ad3a59b12c','1'),(231616,'81d0a1a983c4e4e660ad1aaa97f40c58','1'),(231617,'930d94e2ec5eed67ea0e1698f846fafd','1'),(231618,'4ba12bfcec39b65abfb553e240e09fa3','1'),(231619,'234ebcde96b2bbfe233e0fcc894623e8','1'),(231620,'b4e72a4de361834ec941fba7c426c1ba','1'),(231621,'a05c6a97d2d9625d3b585d3fe40f8dd3','1'),(231622,'58b5127b844de6dfc055ead1048260f2','1'),(231623,'0c2a80dc2124a4c787d8cb463724d18d','1'),(231624,'fe85d9616631b27e6318b5d0558885ed','1'),(231625,'469b434e6fae4ef7e369c6a17f00447d','1'),(231626,'95e1c55e168ba23badc7e5abad9b8dbd','1'),(231627,'fbeb2a8cd10ede95fc8a61896f5f4194','1'),(231628,'fa0c65891f1b29a4e27c2ba98e81153e','1'),(231629,'be916dcff714813298cc6b5c884c2022','1'),(231630,'05b575b9842c026045f7a8c2d7cf3b24','1'),(231631,'528f6d3ca13316bb6c9dfda16ea00bdb','1'),(231632,'d96ce4e91043949b6299ce1cae5efc8d','1'),(231633,'2766a335bcb42f17152b06e16f4a29fe','1'),(231634,'c34e460b6cf7175a2c1234430b2f7399','1'),(231635,'a49a01043ce1a0c4607cd1e3372e8807','1'),(231636,'328b85b8fab06f746afb3cdf0c0453bb','1'),(231637,'3acedb54d16b724406f91f60adb2bff2','1'),(231638,'87d71bd65a380711681431024900838b','1'),(231639,'ed702d8e4a6f899f16ab05140c19da28','1'),(231640,'7b1db0aa326983f52a1b0f673a8f96b3','1'),(231641,'a8f8887c58e691d5a6634846c2794c5e','1'),(231642,'1ed9516f0f0b960673f2a96ada8c0006','1'),(231643,'9d6e6d699f0f3fa5ab81dbdce2bd2538','1'),(231644,'80c785c507e264776cd4c8cac97cc9c6','1'),(231645,'a8553f341eaf3f40f48c9daae706cb27','1'),(231646,'7c68972c31430f826f3ad0e90f8f91f1','1'),(231647,'3c6a2e7b5ad066fd886799ea7dc37291','1'),(231648,'1de255148ecaa7d53a82dcea2cbb66a5','1'),(231649,'42b3e58afa7d54ad744db146a088045d','1'),(231650,'3210c51788f58a928e3078b1bff094e8','1'),(231651,'ea031a768d035823bd9cbc314b1ae046','1'),(231652,'007f0a0e7f222fbc8a1dc5ed0fcd6940','1'),(231653,'bf55375a1b23d9fb1c28cb146880c6b9','1'),(231654,'eb389d740963740b5e3e4b4f4eb0551b','1'),(231655,'18b1ca910785f2a7f83b4b523c9dcfec','1'),(231656,'1e475ec03e3213da4be3f7bb5bea68fe','1'),(231657,'535819abf3f63493b37cef22e7c3228f','1'),(231658,'007e4302f8c491a9412eb246f61597fa','1'),(231659,'ef516cb217ebcc1c8594be6671e23eaa','1'),(231660,'56aea604389b1c453153b5b894b3519c','1'),(231661,'828b095a0902b3d92bc7c12f04647c00','1'),(231662,'fdffa5747176bd85b767dc40b26a4faa','1'),(231663,'4cd27e26a8c8b513bc9988ace636438e','1'),(231664,'9b63eceb08074d02914363827652367d','1'),(231665,'b3cf526888fe091e929d8981daf3fd11','1'),(231666,'bbf5acac43fafbdc24f0a5235513777b','1'),(231667,'59237c399c18d827a07d469e55e82333','1'),(231668,'a492c376341e8984ef41035e93194b18','1'),(231669,'13c6337ee2f988eb3427b674c85685b5','1'),(231670,'cda360c5666122b6d997a83dc38c08b0','1'),(231671,'64fb3299f9729c4d30ceb72043b8f22b','1'),(231672,'64e9d4761d63989072250c8615874715','1'),(231673,'5aa5c253bf6a785495eda9bc050b17f0','1'),(231674,'52c76f0f06a98328be75696dd60f8635','1'),(231675,'8190469ef3a400c9810cf7097338749b','1'),(231676,'44b584bdc22afb2439e0e45e1b767cbb','1'),(231677,'1cbb061f51f35443acba97c13a04866b','1'),(231678,'6adad48e5a81ae2c9addf3872524cfc8','1'),(231679,'9d7d07526e7d744929f973eb5826fe66','1'),(231680,'03350d81cca087889d45b5436247ebb2','1'),(231681,'3ec71c621163fc961adf81a2b93a0d86','1'),(231682,'f2f81314f06a1f9f687c237a04b3c94f','1'),(231683,'4753524751eb67381c349cb7283f340b','1'),(231684,'d71da9643a2fd0d2d46e4a8413e16eb3','1'),(231685,'a6e3c98d6d0601243f9da6e05af0b84a','1'),(231686,'f0183cfdae7646d571cf887d4bda5999','1'),(231687,'0ce2e93870c0338a592109d0dab5f043','1'),(231688,'451beab9bfd046be2eaeff67f7358557','1'),(231689,'099eada03d7325189187d1bd827a58da','1'),(231690,'429f90da5392ad99fc118eb5c9afde6b','1'),(231691,'35cb02cec9891debcca90ad8dc827727','1'),(231692,'29f213ff0251c673f162397e277c8a26','1'),(231693,'4a93261b79b912b9fab19c428d8734af','1'),(231694,'6a903a1fe561b68112b5476818f5ee55','1'),(231695,'53911a0b03642767abc52f1754900884','1'),(231696,'f95ae240e3360bb0978383c8a70c49de','1'),(231697,'f1507506fa5be3baed1fcf13c7edabd4','1'),(231698,'58d009acc02b5c6d4a3103657b0ede8e','1'),(231699,'112e5d46ce78cb449528e614eb99ebbe','1'),(231700,'8596cec4259744247305186d8ef7a481','1'),(231701,'769d9a5aa20ea92e269838021ff2ecd6','1'),(231702,'826eb3fe99c949971ec598f1bcc9ac84','1'),(231703,'3f8fbe8a1abf4edfdfbb29cbdfa23f54','1'),(231704,'57f144e4ea6993540147506e93b8004e','1'),(231705,'2ae3048271138f7fd1b4586b64c4c818','1'),(231706,'8cb885f6963397f0722568eca1f9b099','1'),(231707,'d94b19f2bba0a9f22ddd4613d2776e9d','1'),(231708,'b8cb8ccbf4db8fdc18191c764aa670d4','1'),(231709,'e1eea202c73c30b95d72d9c08a421d99','1'),(231710,'bad1a4f9385dec75e7ddb3d7af5365a6','1'),(231711,'52f7bffb95e6f20d4fe0e5967d86383f','1'),(231712,'bd72b349933250fa1b418b155e922353','1'),(231713,'9f46b0cc431779042e66b286bcc1c9ca','1'),(231714,'45db880284da29679eeaa320a768ccc5','1'),(231715,'d6642186abcccd61a4778e1ee6a5e141','1'),(231716,'ac1abe67976978b684b0631fc2157ce0','1'),(231717,'1788257c403b23c46dbcb691d9bf99c8','1'),(231718,'99bbdb0920ee459bb42f86c192cde988','1'),(231719,'8ca46e1b82da158fe0fa81a4e92db92c','1'),(231720,'3be7e0183cfb3ff35481a81f72a114c6','1'),(231721,'4641cb50ab8290c11af11638925669fd','1'),(231722,'6c9e2662699aeaea6d8165dbc2ea2fc4','1'),(231723,'61be90e2563cb2a09da11137341b2e66','1'),(231724,'f545f1e8fc7792788ba1bfe1e5a9174c','1'),(231725,'afaeda5ccafce107a790f5d7cd2becbd','1'),(231726,'d0aca4e5a72d737ab054c1d56f94d20c','1'),(231727,'85b28413ad1d629a056dc4bbc384cc6c','1'),(231728,'637b3093740c0879c8c5fa9535aa6fc4','1'),(231729,'ac88caa47b283d77b7cb0f0144ae75c0','1'),(231730,'c582ee97cd5fc9b8167b403a9936b997','1'),(231731,'25ddd2c44a458dacf2370319acaa8883','1'),(231732,'407bf043c0abbe56ac7196380d0873d9','1'),(231733,'ccfcac1da2fcb71c31a89406bdccba86','1'),(231734,'c8b31d588ff08121d22396e1d223c332','1'),(231735,'b8116e9535d4e12affe62caf427db98d','1'),(231736,'a78e55604e30df9154dc90b76c2a735d','1'),(231737,'07f2cda9074fcbc855fbca2dad5f4631','1'),(231738,'079b9681bf462bb65ef5ed496bcf5a1e','1'),(231739,'6ec68988addbe82c1828f429844255e8','1'),(231740,'1893398cbef84a3553a8dddc7ef71df9','1'),(231741,'454349887d19aeaed227d62bd41bc0fe','1'),(231742,'03d3635932ca9bae4bf5c82bbcd2d574','1'),(231743,'b4b1872e12aab3bd4dd9edd47c8b5778','1'),(231744,'a0f47b44b63dfda12335a22c27cf2eb9','1'),(231745,'f407afbbdbbccd79b4b934f2693ec234','1'),(231746,'65ffbad8b3f3cb0d33ccea6186adc2e5','1'),(231747,'5d63e6515b1a7333928e29f760c7d7b6','1'),(231748,'e1a7f071a4f6ed393f4b75dd697bf000','1'),(231749,'e71d9be35e3bbd2a242bcedc235d47e9','1'),(231750,'69dbef259d2bea2c6aa225ebdc2d966d','1'),(231751,'b59f1811e2464491495f7389e2bee9de','1'),(231752,'1942be31189f8a102800ed20318ec15a','1'),(231753,'fbad3e16edc629e6c83689a818a2bbb9','1'),(231754,'b808495571cd8c1adeec258893c2302d','1'),(231755,'0ba1682cd6cde1650e241140d96beac4','1'),(231756,'223f0995b46e39c5d9031555279784ce','1'),(231757,'fa64ad63ee00d80ba94c68eeb2a25b2f','1'),(231758,'f7026989ee7d60297fcaad1c2ae11094','1'),(231759,'86914f82fcca0c96093ceb2011837809','1'),(231760,'43b1d9cb28400355941336f59e6a86e3','1'),(231761,'68e44a947f82e24c5a35bad167fca058','1'),(231762,'0397b2f5c1697bc9eb288db36aa7fd04','1'),(231763,'40637c09235be836dd2df4029e8e0b95','1'),(231764,'9096caa193739a10dc696141706346bf','1'),(231765,'ce1654c4c15a7d74d1ac7fb1cfc583b4','1'),(231766,'5e14a80e6cf9e5bbec3cc4252adc0203','1'),(231767,'48f1f87ad384e75b3ffbf29d2190c532','1'),(231768,'f0a1969cc420683329fcec60842861d3','1'),(231769,'9afe86a3aa56c354420f8370f78b0b0c','1'),(231770,'7c8599cd10268a3479b2c2552073bd96','1'),(231771,'e9c1f7e10e6931b7176114ecf382dc65','1'),(231772,'6d4ce7fd64878d4f8215c8fd3a4d8151','1'),(231773,'0574f1497b2f05c8a77e456ecf96874a','1'),(231774,'4d23621d32d45ad8e170b021dfa78ef5','1'),(231775,'15a88092be07202ad2f388356ae49859','1'),(231776,'89d337cbc661b7c65ffa5cac86bdd271','1'),(231777,'6ff82f24338927819960414f7532ea97','1'),(231778,'5c1efd3d79b542cba46dbbc10540997a','1'),(231779,'4ebeb171b897266bbe6d38bb4b7aa04d','1'),(231780,'36d3651411560a8f11a09942f2646846','1'),(231781,'f42b17b9a751a83b3992ef86322176fe','1'),(231782,'88e26283bc956d4950751bca208018a1','1'),(231783,'e18f8729eadc5b01cc47e99e23722dcd','1'),(231784,'0b830613c19027cc8bca176b1eabac79','1'),(231785,'030e3e53cabe7e27fbe994ddd388e22f','1'),(231786,'56fd4b568844ad019f360839821b6730','1'),(231787,'7ad6a661e6585f61023bf536ef95aef0','1'),(231788,'d01754c69c5c1fd8d99a43d0c3a78fda','1'),(231789,'0932a30603123820fa3f8dd3b6351663','1'),(231790,'7b855bbfc0602ef3e7a3e7616c09cb95','1'),(231791,'7c1bd828985a62e40693cfe7268d0227','1'),(231792,'e3f8a4689b92616b488dc9ca3db7f59d','1'),(231793,'ee0c0da3edb9e1a3f88731f144d4d8a3','1'),(231794,'186da5a57c2feeaeb95e1bb85dcc98d5','1'),(231795,'77605f7ccabc0aa6fa75e5baa6aac1a8','1'),(231796,'8e7ecd478e49a37a3181b4fb838dc29a','1'),(231797,'b6772a5ca6d970e1101c33848d67d84d','1'),(231798,'7c417da7f338faba6af49a94a036ee39','1'),(231799,'92ea8469e5798fb94f649ab2ee284740','1'),(231800,'917c56f07b4f51cab76abcb8084aec49','1'),(231801,'36686ff1ab30ae3bc07fd206f45d67c6','1'),(231802,'fde4fe0108fa0902a5403ddeaf714415','1'),(231803,'bad94fd7fc7162c84c0ceb7af78f0611','1'),(231804,'44be8da3b95502e207d784733057c9b8','1'),(231805,'1ecdfe918b12b0b88ea890e6cdb5aa57','1'),(231806,'e7cee733aa00fabe44b308125684c51a','1'),(231807,'e9e7b5b30fd2f034a0c3cb400e58f384','1'),(231808,'f0e18a3e29a794012a41e70f2a1636d9','1'),(231809,'4cec5e061f007abdf56f79b7ccbdd1b6','1'),(231810,'bdb719324c7629e2fe826944eeea3381','1'),(231811,'9a00581835a48c0f71c7664938db1a57','1'),(231812,'38bee83dc2aadf9b642f0d9ba1831a93','1'),(231813,'51e422b343908af8b7cca97077da8d73','1'),(231814,'8d5e439ef68fc7feb95583b628b3c44d','1'),(231815,'05365b6cbeaa94a3d013c42cc4c9db42','1'),(231816,'66658db99e74c23b09a557f0379af7ad','1'),(231817,'9586d6c4f0ef38d66627bbb4f6ba651f','1'),(231818,'45b82439bddce53b11cd5da1c3535ead','1'),(231819,'213aff0dce29fefa3ca2d0639610cdd2','1'),(231820,'71994f4b1110040f9c8b06e091c0a3d7','1'),(231821,'b75b235120cb4df800daa53547bb8c3a','1'),(231822,'bd9960435e5605bd461cd96877bf5320','1'),(231823,'3c06c2aa0cf8357b15f5298d069fd761','1'),(231824,'39c5c4a69361ee1ef3cb91e7aa974f40','1'),(231825,'07fd8914cb3f48a44815aa9d2a016a4f','1'),(231826,'d1dcf5153e2abb62a17136844aee8ccc','1'),(231827,'8d379f77ea3d6c06842ffda9ea232347','1'),(231828,'59fa234ebe51e5bf67266c5be7c6de79','1'),(231829,'1a6755877a8b6a7a4c73ae9d37e26b7d','1'),(231830,'013a615f94ab9b8050ebfd962d7ed8f3','1'),(231831,'dcb29b94a8a17a9735746dd34b211218','1'),(231832,'53cbb65e9b9200470d7a244fd49172f7','1'),(231833,'6e68a4e65a890a0ba50a71e1716522f7','1'),(231834,'03ee0831b47fb2918fe98422e84f47eb','1'),(231835,'76d06ad6ad209c30140e0d666ee930ad','1'),(231836,'a28c475d1d09d76db24e60d6175773c4','1'),(231837,'66a64f7b130993562f40178e183dc61a','1'),(231838,'7ea7605f36ba6b3a7aa184d80ce87831','1'),(231839,'b83318080002abca5241fc3677f7ea06','1'),(231840,'0c6c500607596b118b19169b3c4ee421','1'),(231841,'6b9833c9db6ce83d72efd70fe9f7bfef','1'),(231842,'3bbf1136fbae08a41c49cf37e7a6a3da','1'),(231843,'3eca885385f0facd8658a1d1ec2b8fc3','1'),(231844,'8ab63b84d707ca88f1cdd7b576819bd4','1'),(231845,'9893c2432b3e1c4f80fef25258314d77','1'),(231846,'781f78e4b1396c45a3ce586ea61dd47b','1'),(231847,'2701220004e7e80e18e2a5713eb9b27c','1'),(231848,'1728cde8c0f4c4932a3256e7c5989511','1'),(231849,'e8f448282812bbec0e16d8a9a4535b0f','1'),(231850,'db31aab11507136e092ba3fd2a085a76','1'),(231851,'114b500d5dcf210d9d93ff80367f23c2','1'),(231852,'1b78607b5b05dfd5fac16f43a37b4333','1'),(231853,'5234c79bb40117ae0726d6b1b8292258','1'),(231854,'98a05ee8320bf8bb533789b16cdd971a','1'),(231855,'8ed580d150e10e1fa0acd59128f4a63f','1'),(231856,'84cafba2a63914e9e9c0be5029c29985','1'),(231857,'ad356a3b504bcc59ec9d66dd627b232a','1'),(231858,'2cbf0330f352b93e1ad0e7df57070be4','1'),(231859,'571c8ab8435a410c5ab35817b0ada86b','1'),(231860,'2771df979fa94e541d1e0804bdc48832','1'),(231861,'e5832de027250fe2ed02ae7618df8f44','1'),(231862,'fd832a9ba440208a2e91789bb1db281e','1'),(231863,'94112129afe6d3afa128f2ce558970de','1'),(231864,'0dadcda649ee327958a2378500aa2255','1'),(231865,'da561b769af3177c2d342870789e9071','1'),(231866,'75ed5d0a2e38fb49605ba75bf033a556','1'),(231867,'5ddb44fe9296b453fc97667200bbd749','1'),(231868,'81a3cdb9892f3a60e26cd702afa8935e','1'),(231869,'14c2a83dd40402174df4764c9fdbe640','1'),(231870,'583c9744f5379056e846e34ee2ae83c7','1'),(231871,'d32c017fc5d9c03e2343065e96826600','1'),(231872,'d21d4e8080172e45055a5e3c2cb4803a','1'),(231873,'d27a35970b1455a4b4a22bedb739a476','1'),(231874,'9e0f9270b4cdeb532cb67fa39cec140b','1'),(231875,'5abf4aec2b175c2a478daa9a1a0ef455','1'),(231876,'3f039cfecf711656a9d4e70520051f52','1'),(231877,'07c203c62c378349319bff8110a2a795','1'),(231878,'a0fd0835ed4dc04f3183f42b2e08204b','1'),(231879,'2fb468956f71488799af8febeeefe8ed','1'),(231880,'f716ade74a00a76ab4da4a83c017c18f','1'),(231881,'a202f19fe753ad7e7372ba00fddb0ab9','1'),(231882,'f0b9281166ebde03ce7cab9f586c3a5a','1'),(231883,'dfddb63819df9231ca4920bcb1532164','1'),(231884,'23f2d37ffe0bf9fbb8efe6db4651b4da','1'),(231885,'abb56703a017f7e2bfff531c064fbc4a','1'),(231886,'daa6fa4ff56c67067c36d130459cadfa','1'),(231887,'a16c07e5eb1bb4d0177cb33342bf7a3f','1'),(231888,'12b4d19d5beb9e4a67ccae3e60d69b0e','1'),(231889,'879f9ce8d24ba7b40b1661aa1ab362a1','1'),(231890,'86a5f492f29b175a8473b31002e60bc1','1'),(231891,'17aa6d78e06b77888081db2cb2bb6543','1'),(231892,'c0316b20c408c625899f95c4a0fdb09d','1'),(231893,'a58ccf3d176a7f9fbfa5d22a6bf801f0','1'),(231894,'8c3a099a1d6d80982c76f6105385dbff','1'),(231895,'f4f2dbd98a769d4344d9e3ab78d27f69','1'),(231896,'e575001858db16dfda63ca7c198f23fb','1'),(231897,'89691efc953ded9fcd2c0fbd2ae47c2f','1'),(231898,'58e1dc5fc5ad387bcf419bd25d9a5baf','1'),(231899,'33b4729e6487b56077f4dc27a2e3252e','1'),(231900,'ed0b51097e10d9aa312bef193695323e','1'),(231901,'08218ca205aeeccdea915edd8f6993a4','1'),(231902,'612d40d173514b2b52eb39e6305d3403','1'),(231903,'597fc98df5afe7b7e58a90090ee1decf','1'),(231904,'c126d252f50d15421c1c08d44f215715','1'),(231905,'25f6bc4130abf279b04488fe0dc4dc5b','1'),(231906,'ec3571e542b9c2ea7e7b7c4893584a60','1'),(231907,'7b1e2441b04c3a0827a57a4c7c9846e4','1'),(231908,'2fa7f1b41ad8da1b66ab28fe111bef69','1'),(231909,'1b0bc23847949d026c8d8efcd3029c86','1'),(231910,'79ac42ae40cececd86bb5e0f1e957040','1'),(231911,'1a93028cf77afaa01aa8ad4fa1108490','1'),(231912,'9ad678d72f03f392ea9a749cde685397','1'),(231913,'af3c1036230b84b230bd013197a4195e','1'),(231914,'f88988035df6bea748e20ccdd2973ad9','1'),(231915,'510cbf3cd7a4056b3b3f2c8428d78096','1'),(231916,'a970bba86b5ea82a43b023e54039ac41','1'),(231917,'8d5fa48a024ddcd5d0a396eba193e9e4','1'),(231918,'a9af4c89a706d153969be4c14d830da7','1'),(231919,'0cc6a248baa015bf124189f961ae645b','1'),(231920,'9e8e331b711655b46a9dd5f35961b1f3','1'),(231921,'eabf1ecd6cb3d4384837046c32696a18','1'),(231922,'927540601923d4f851fa0d13096c384a','1'),(231923,'37c6b573d55d3fcc068201be2d4ca670','1'),(231924,'6c4243fb3b4b9352faa0b57afeab1f0e','1'),(231925,'d6c2b9ac50431d8d114fffa22c28a318','1'),(231926,'afeaf46a83b47e9be9d8be8dabe9a980','1'),(231927,'1984876d606e905dd4e27f0fb9b87611','1'),(231928,'f633054a5da462698f0242ca2d0fddeb','1'),(231929,'e3c0ad45377f7e9f2a9415f18a8749f1','1'),(231930,'6164b2d2244c464dbe446867e0ed5b04','1'),(231931,'6572afd5f624996da828ddc6e7e7ff68','1'),(231932,'cb3394734d69d88e1569c5fb3bfec719','1'),(231933,'089efb18142c33280cda6d6ab8a453b9','1'),(231934,'38e7ce44352ff04bc39cafa01e0da8eb','1'),(231935,'2af060e9d7c0cff5c001fd8602f52eb5','1'),(231936,'248276649e0eaa56b2fe39667daf61a3','1'),(231937,'a383ce0afebec168e80e20edb500b2c1','1'),(231938,'2f0adf1d52e0a8ab33b5218fc4b31f8f','1'),(231939,'bdd1d8ccdb461ce0f0449bc20f6fc5d4','1'),(231940,'a6b7cc871b668dd1e46357cf9cd47af0','1'),(231941,'7e3fbc9ebe716139f836e1fd014cc22b','1'),(231942,'10a4ef755c14b2806ec50ce32a441dde','1'),(231943,'e5f6ccca748c53ae10296efed99cd02b','1'),(231944,'e4687ab00d69f579875db79347de278d','1'),(231945,'2c3084bf94cbdbdb919c1524f6cbe650','1'),(231946,'27769f7d5ac600fe20816a9c04ee4c59','1'),(231947,'ebc19d283cf439ec0e447139aaa8322d','1'),(231948,'9829aeb79321dc84ef14215960e8f792','1'),(231949,'513de7d7e828394fb25c990304bd7504','1'),(231950,'0aa11c3f6f3c3372424452d9766b5b19','1'),(231951,'3ff7b966ace72345ccb0bbd1f24acb82','1'),(231952,'6cc777bc0bace6c40ae7ac02669803c6','1'),(231953,'d8835e9dd6eb4693ce72de851210d468','1'),(231954,'9ba111dd6b1b6b2c0892919aa1f5c292','1'),(231955,'c07de8419009e18e9b83b4954a283255','1'),(231956,'6c8124cb2dea4d4963268eab77641bf1','1'),(231957,'d35d9f982ec4362ace4463097dd8b508','1'),(231958,'ede73c1cd61c50cab081eb6fb80c65b1','1'),(231959,'8b6b1440b3a999af72a0cb814711dac8','1'),(231960,'cc1569cb35be310322dd00aee7b82dda','1'),(231961,'dc75d8aeea838c18bc3068564bf227f9','1'),(231962,'b0fb28a67f56c10a7a536ca4edef330e','1'),(231963,'3c72880fa35642fac9a4f66347aa7797','1'),(231964,'6ba59c00d7c73b5a1570d92474dcd0a9','1'),(231965,'af16307a393ca19841803cb731c81d0c','1'),(231966,'fced12fd72cdf702aabba9ff5609b242','1'),(231967,'da90575087b83946f53a2e373328c023','1'),(231968,'6c8f3f05bc53df3aeeb49b41202a495d','1'),(231969,'1458c765de6cce0af34cf8ea3f243b21','1'),(231970,'3e8b75279410fc7ff944908f558159b3','1'),(231971,'41c58f606332a02f49a984fffad83ef2','1'),(231972,'e0aa8dc1bdff31c270177e4612f14ac6','1'),(231973,'93b2e6cfa094ff4e5fdceeedb630c043','1'),(231974,'d1aa21688a279d28721ab3cbdc29ac7f','1'),(231975,'87a2c94e81fa0cfb1de3f4e32ceaf2c4','1'),(231976,'c7b01e284348e3c34ec671c4caa1bce4','1'),(231977,'49257f25bf781b4a917ed29320963210','1'),(231978,'571cd515d53343e71098a231fd484f15','1'),(231979,'14192ac9aa86c3e8e58e51c3c6fa6f94','1'),(231980,'38fa795ec0474af59d3d6387a8563bef','1'),(231981,'cb828b9401abb8b4abe34fbe919f395f','1'),(231982,'dfc98484862a28ef62ad19077ed9f6db','1'),(231983,'a7941e5325962d2febe16e7f2005ed08','1'),(231984,'3fd72bd3a722092c8134f88b0fde72dd','1'),(231985,'1d0eaaf394cef3fa59e65228731165f5','1'),(231986,'7f18b858fc6782f93136270ee2bf8b8f','1'),(231987,'fe2b14e163c2f5274521aa2ffeb7acde','1'),(231988,'17a4f25044cf87e5ec7b740f34a65a80','1'),(231989,'8f70353eeb7544672f481dcb80a5dffc','1'),(231990,'26ae27b24536ec72edcce0bef9e46c51','1'),(231991,'5f538027895d0be1f60a1d8a31f9967d','1'),(231992,'baadff01673d2cd1e289f16cf1a12273','1'),(231993,'3ce51b809429bb17d8ff3b8417326932','1'),(231994,'ee7e053db635b1588e3605a4603bfe5b','1'),(231995,'88c17a54a99fec1c88399934ff1b80f8','1'),(231996,'a37a1de4cefc548ce75bac73a0e36dd3','1'),(231997,'48cf36fa344018d9de8f3e71f6d3da6b','1'),(231998,'b3817433cc30d910b325e0fa6373c6e1','1'),(231999,'2a4a9471e0e7a271ecf72f09c995c1a1','1');
/*!40000 ALTER TABLE `user` ENABLE KEYS */;
UNLOCK TABLES;
/*!40103 SET TIME_ZONE=@OLD_TIME_ZONE */;

/*!40101 SET SQL_MODE=@OLD_SQL_MODE */;
/*!40014 SET FOREIGN_KEY_CHECKS=@OLD_FOREIGN_KEY_CHECKS */;
/*!40014 SET UNIQUE_CHECKS=@OLD_UNIQUE_CHECKS */;
/*!40101 SET CHARACTER_SET_CLIENT=@OLD_CHARACTER_SET_CLIENT */;
/*!40101 SET CHARACTER_SET_RESULTS=@OLD_CHARACTER_SET_RESULTS */;
/*!40101 SET COLLATION_CONNECTION=@OLD_COLLATION_CONNECTION */;
/*!40111 SET SQL_NOTES=@OLD_SQL_NOTES */;

-- Dump completed on 2023-10-26 23:47:01
