<?xml version="1.0" encoding="UTF-8"?>
<!DOCTYPE mapper PUBLIC "-//mybatis.org//DTD Mapper 3.0//EN" "http://mybatis.org/dtd/mybatis-3-mapper.dtd">
<mapper namespace="com.example.project.mapper.SelectcourseMapper">

    <!-- 通用查询映射结果 -->
    <resultMap id="BaseResultMap" type="com.example.project.entity.Selectcourse">
        <id column="course_id" property="courseId" />
        <result column="course_name" property="courseName" />
        <result column="teacher_id" property="teacherId" />
        <result column="teacher_name" property="teacherName" />
        <result column="course_time" property="courseTime" />
    </resultMap>

    <!-- 通用查询结果列 -->
    <sql id="Base_Column_List">
        course_id, course_name, teacher_id, teacher_name, course_time
    </sql>

</mapper>
